gw_id,istc_id,corpus_file,gw_url,istc_url
02007,ia00747200,supplementary-gw-corpus.csv,https://gesamtkatalogderwiegendrucke.de/docs/GW02007.htm,https://data.cerl.org/istc/ia00747200
02011,ia00747700,supplementary-gw-corpus.csv,https://gesamtkatalogderwiegendrucke.de/docs/GW02011.htm,https://data.cerl.org/istc/ia00747700
04166,ib00510800,supplementary-gw-corpus.csv,https://gesamtkatalogderwiegendrucke.de/docs/GW04166.htm,https://data.cerl.org/istc/ib00510800
04167,ib00511000,supplementary-gw-corpus.csv,https://gesamtkatalogderwiegendrucke.de/docs/GW04167.htm,https://data.cerl.org/istc/ib00511000
04168,ib00512000,supplementary-gw-corpus.csv,https://gesamtkatalogderwiegendrucke.de/docs/GW04168.htm,https://data.cerl.org/istc/ib00512000
04169,ib00513000,supplementary-gw-corpus.csv,https://gesamtkatalogderwiegendrucke.de/docs/GW04169.htm,https://data.cerl.org/istc/ib00513000
04170,ib00514000,supplementary-gw-corpus.csv,https://gesamtkatalogderwiegendrucke.de/docs/GW04170.htm,https://data.cerl.org/istc/ib00514000
04171,ib00515000,supplementary-gw-corpus.csv,https://gesamtkatalogderwiegendrucke.de/docs/GW04171.htm,https://data.cerl.org/istc/ib00515000
04172,ib00503000,supplementary-gw-corpus.csv,https://gesamtkatalogderwiegendrucke.de/docs/GW04172.htm,https://data.cerl.org/istc/ib00503000
04173,ib00504000,supplementary-gw-corpus.csv,https://gesamtkatalogderwiegendrucke.de/docs/GW04173.htm,https://data.cerl.org/istc/ib00504000
04174,ib00505000,supplementary-gw-corpus.csv,https://gesamtkatalogderwiegendrucke.de/docs/GW04174.htm,https://data.cerl.org/istc/ib00505000
04175,ib00506000,supplementary-gw-corpus.csv,https://gesamtkatalogderwiegendrucke.de/docs/GW04175.htm,https://data.cerl.org/istc/ib00506000
04176,ib00507000,supplementary-gw-corpus.csv,https://gesamtkatalogderwiegendrucke.de/docs/GW04176.htm,https://data.cerl.org/istc/ib00507000
0417705N,iq00018000,supplementary-gw-corpus.csv,https://gesamtkatalogderwiegendrucke.de/docs/GW0417705N.htm,https://data.cerl.org/istc/iq00018000
04187,ib00521500,supplementary-gw-corpus.csv,https://gesamtkatalogderwiegendrucke.de/docs/GW04187.htm,https://data.cerl.org/istc/ib00521500
04188,ib00521600,supplementary-gw-corpus.csv,https://gesamtkatalogderwiegendrucke.de/docs/GW04188.htm,https://data.cerl.org/istc/ib00521600
04194,ib00524000,supplementary-gw-corpus.csv,https://gesamtkatalogderwiegendrucke.de/docs/GW04194.htm,https://data.cerl.org/istc/ib00524000
04195,ib00525000,supplementary-gw-corpus.csv,https://gesamtkatalogderwiegendrucke.de/docs/GW04195.htm,https://data.cerl.org/istc/ib00525000
04362,ib00677000,supplementary-gw-corpus.csv,https://gesamtkatalogderwiegendrucke.de/docs/GW04362.htm,https://data.cerl.org/istc/ib00677000
04363,ib00677300,supplementary-gw-corpus.csv,https://gesamtkatalogderwiegendrucke.de/docs/GW04363.htm,https://data.cerl.org/istc/ib00677300
04364,ib00677500,supplementary-gw-corpus.csv,https://gesamtkatalogderwiegendrucke.de/docs/GW04364.htm,https://data.cerl.org/istc/ib00677500
04365,ib00677400,supplementary-gw-corpus.csv,https://gesamtkatalogderwiegendrucke.de/docs/GW04365.htm,https://data.cerl.org/istc/ib00677400
04366,ib00678000,supplementary-gw-corpus.csv,https://gesamtkatalogderwiegendrucke.de/docs/GW04366.htm,https://data.cerl.org/istc/ib00678000
04367,ib00678500,supplementary-gw-corpus.csv,https://gesamtkatalogderwiegendrucke.de/docs/GW04367.htm,https://data.cerl.org/istc/ib00678500
04368,ib00679000,supplementary-gw-corpus.csv,https://gesamtkatalogderwiegendrucke.de/docs/GW04368.htm,https://data.cerl.org/istc/ib00679000
04369,ib00679100,supplementary-gw-corpus.csv,https://gesamtkatalogderwiegendrucke.de/docs/GW04369.htm,https://data.cerl.org/istc/ib00679100
04370,ib00679200,supplementary-gw-corpus.csv,https://gesamtkatalogderwiegendrucke.de/docs/GW04370.htm,https://data.cerl.org/istc/ib00679200
04371,ib00681500,supplementary-gw-corpus.csv,https://gesamtkatalogderwiegendrucke.de/docs/GW04371.htm,https://data.cerl.org/istc/ib00681500
04372,ib00679400,supplementary-gw-corpus.csv,https://gesamtkatalogderwiegendrucke.de/docs/GW04372.htm,https://data.cerl.org/istc/ib00679400
04373,ib00679500,supplementary-gw-corpus.csv,https://gesamtkatalogderwiegendrucke.de/docs/GW04373.htm,https://data.cerl.org/istc/ib00679500
04374,ib00683400,supplementary-gw-corpus.csv,https://gesamtkatalogderwiegendrucke.de/docs/GW04374.htm,https://data.cerl.org/istc/ib00683400
04375,ib00683200,supplementary-gw-corpus.csv,https://gesamtkatalogderwiegendrucke.de/docs/GW04375.htm,https://data.cerl.org/istc/ib00683200
04376,ib00682700,supplementary-gw-corpus.csv,https://gesamtkatalogderwiegendrucke.de/docs/GW04376.htm,https://data.cerl.org/istc/ib00682700
04377,ib00679850,supplementary-gw-corpus.csv,https://gesamtkatalogderwiegendrucke.de/docs/GW04377.htm,https://data.cerl.org/istc/ib00679850
04378,ib00679900,supplementary-gw-corpus.csv,https://gesamtkatalogderwiegendrucke.de/docs/GW04378.htm,https://data.cerl.org/istc/ib00679900
04379,ib00680000,supplementary-gw-corpus.csv,https://gesamtkatalogderwiegendrucke.de/docs/GW04379.htm,https://data.cerl.org/istc/ib00680000
04380,ib00680400,supplementary-gw-corpus.csv,https://gesamtkatalogderwiegendrucke.de/docs/GW04380.htm,https://data.cerl.org/istc/ib00680400
04381,ib00680600,supplementary-gw-corpus.csv,https://gesamtkatalogderwiegendrucke.de/docs/GW04381.htm,https://data.cerl.org/istc/ib00680600
04382,ib00681000,supplementary-gw-corpus.csv,https://gesamtkatalogderwiegendrucke.de/docs/GW04382.htm,https://data.cerl.org/istc/ib00681000
04383,ib00683450,supplementary-gw-corpus.csv,https://gesamtkatalogderwiegendrucke.de/docs/GW04383.htm,https://data.cerl.org/istc/ib00683450
04384,ib00683700,supplementary-gw-corpus.csv,https://gesamtkatalogderwiegendrucke.de/docs/GW04384.htm,https://data.cerl.org/istc/ib00683700
04385,ib00683800,supplementary-gw-corpus.csv,https://gesamtkatalogderwiegendrucke.de/docs/GW04385.htm,https://data.cerl.org/istc/ib00683800
04386,ib00684000,supplementary-gw-corpus.csv,https://gesamtkatalogderwiegendrucke.de/docs/GW04386.htm,https://data.cerl.org/istc/ib00684000
04387,ib00685000,supplementary-gw-corpus.csv,https://gesamtkatalogderwiegendrucke.de/docs/GW04387.htm,https://data.cerl.org/istc/ib00685000
04388,ib00685100,supplementary-gw-corpus.csv,https://gesamtkatalogderwiegendrucke.de/docs/GW04388.htm,https://data.cerl.org/istc/ib00685100
0438805N,ib00683600,supplementary-gw-corpus.csv,https://gesamtkatalogderwiegendrucke.de/docs/GW0438805N.htm,https://data.cerl.org/istc/ib00683600
0567010N,ib01268480,supplementary-gw-corpus.csv,https://gesamtkatalogderwiegendrucke.de/docs/GW0567010N.htm,https://data.cerl.org/istc/ib01268480
05671,ib01268520,supplementary-gw-corpus.csv,https://gesamtkatalogderwiegendrucke.de/docs/GW05671.htm,https://data.cerl.org/istc/ib01268520
05686,ib01273000,supplementary-gw-corpus.csv,https://gesamtkatalogderwiegendrucke.de/docs/GW05686.htm,https://data.cerl.org/istc/ib01273000
12944,ih00436430,horae-gw-corpus.csv,https://gesamtkatalogderwiegendrucke.de/docs/GW12944.htm,https://data.cerl.org/istc/ih00436430
12945,ic00990000,horae-gw-corpus.csv,https://gesamtkatalogderwiegendrucke.de/docs/GW12945.htm,https://data.cerl.org/istc/ic00990000
12946,ic00991000,horae-gw-corpus.csv,https://gesamtkatalogderwiegendrucke.de/docs/GW12946.htm,https://data.cerl.org/istc/ic00991000
12947,ic00992000,horae-gw-corpus.csv,https://gesamtkatalogderwiegendrucke.de/docs/GW12947.htm,https://data.cerl.org/istc/ic00992000
12948,ih00357480,horae-gw-corpus.csv,https://gesamtkatalogderwiegendrucke.de/docs/GW12948.htm,https://data.cerl.org/istc/ih00357480
12949,ih00357745,horae-gw-corpus.csv,https://gesamtkatalogderwiegendrucke.de/docs/GW12949.htm,https://data.cerl.org/istc/ih00357745
12950,ip00079500,horae-gw-corpus.csv,https://gesamtkatalogderwiegendrucke.de/docs/GW12950.htm,https://data.cerl.org/istc/ip00079500
12951,ip00079700,horae-gw-corpus.csv,https://gesamtkatalogderwiegendrucke.de/docs/GW12951.htm,https://data.cerl.org/istc/ip00079700
12952,ih00435630,horae-gw-corpus.csv,https://gesamtkatalogderwiegendrucke.de/docs/GW12952.htm,https://data.cerl.org/istc/ih00435630
12953,ih00366000,horae-gw-corpus.csv,https://gesamtkatalogderwiegendrucke.de/docs/GW12953.htm,https://data.cerl.org/istc/ih00366000
12954,ih00365800,horae-gw-corpus.csv,https://gesamtkatalogderwiegendrucke.de/docs/GW12954.htm,https://data.cerl.org/istc/ih00365800
12955,ih00344000,horae-gw-corpus.csv,https://gesamtkatalogderwiegendrucke.de/docs/GW12955.htm,https://data.cerl.org/istc/ih00344000
12956,ih00348050,horae-gw-corpus.csv,https://gesamtkatalogderwiegendrucke.de/docs/GW12956.htm,https://data.cerl.org/istc/ih00348050
12957,ih00427975,horae-gw-corpus.csv,https://gesamtkatalogderwiegendrucke.de/docs/GW12957.htm,https://data.cerl.org/istc/ih00427975
12958,ih00427977,horae-gw-corpus.csv,https://gesamtkatalogderwiegendrucke.de/docs/GW12958.htm,https://data.cerl.org/istc/ih00427977
12959,io00051295,horae-gw-corpus.csv,https://gesamtkatalogderwiegendrucke.de/docs/GW12959.htm,https://data.cerl.org/istc/io00051295
12960,io00065990,horae-gw-corpus.csv,https://gesamtkatalogderwiegendrucke.de/docs/GW12960.htm,https://data.cerl.org/istc/io00065990
12961,ih00435150,horae-gw-corpus.csv,https://gesamtkatalogderwiegendrucke.de/docs/GW12961.htm,https://data.cerl.org/istc/ih00435150
12962,ih00436400,horae-gw-corpus.csv,https://gesamtkatalogderwiegendrucke.de/docs/GW12962.htm,https://data.cerl.org/istc/ih00436400
12963,ih00436410,horae-gw-corpus.csv,https://gesamtkatalogderwiegendrucke.de/docs/GW12963.htm,https://data.cerl.org/istc/ih00436410
12964,ih00357760,horae-gw-corpus.csv,https://gesamtkatalogderwiegendrucke.de/docs/GW12964.htm,https://data.cerl.org/istc/ih00357760
12965,ih00357380,horae-gw-corpus.csv,https://gesamtkatalogderwiegendrucke.de/docs/GW12965.htm,https://data.cerl.org/istc/ih00357380
1296550N,io00065974,horae-gw-corpus.csv,https://gesamtkatalogderwiegendrucke.de/docs/GW1296550N.htm,https://data.cerl.org/istc/io00065974
12966,ic00990500,horae-gw-corpus.csv,https://gesamtkatalogderwiegendrucke.de/docs/GW12966.htm,https://data.cerl.org/istc/ic00990500
12967,ih00377490,horae-gw-corpus.csv,https://gesamtkatalogderwiegendrucke.de/docs/GW12967.htm,https://data.cerl.org/istc/ih00377490
12968,ih00377500,horae-gw-corpus.csv,https://gesamtkatalogderwiegendrucke.de/docs/GW12968.htm,https://data.cerl.org/istc/ih00377500
12969,ih00485000,horae-gw-corpus.csv,https://gesamtkatalogderwiegendrucke.de/docs/GW12969.htm,https://data.cerl.org/istc/ih00485000
12970,ih00484700,horae-gw-corpus.csv,https://gesamtkatalogderwiegendrucke.de/docs/GW12970.htm,https://data.cerl.org/istc/ih00484700
12971,ih00485200,horae-gw-corpus.csv,https://gesamtkatalogderwiegendrucke.de/docs/GW12971.htm,https://data.cerl.org/istc/ih00485200
12972,ih00485300,horae-gw-corpus.csv,https://gesamtkatalogderwiegendrucke.de/docs/GW12972.htm,https://data.cerl.org/istc/ih00485300
12973,ih00485500,horae-gw-corpus.csv,https://gesamtkatalogderwiegendrucke.de/docs/GW12973.htm,https://data.cerl.org/istc/ih00485500
12974,ih00427980,horae-gw-corpus.csv,https://gesamtkatalogderwiegendrucke.de/docs/GW12974.htm,https://data.cerl.org/istc/ih00427980
12975,ic00989950,horae-gw-corpus.csv,https://gesamtkatalogderwiegendrucke.de/docs/GW12975.htm,https://data.cerl.org/istc/ic00989950
12976,ic00993000,horae-gw-corpus.csv,https://gesamtkatalogderwiegendrucke.de/docs/GW12976.htm,https://data.cerl.org/istc/ic00993000
12977,ic00993500,horae-gw-corpus.csv,https://gesamtkatalogderwiegendrucke.de/docs/GW12977.htm,https://data.cerl.org/istc/ic00993500
12978,ic00989970,horae-gw-corpus.csv,https://gesamtkatalogderwiegendrucke.de/docs/GW12978.htm,https://data.cerl.org/istc/ic00989970
12979,ic00992300,horae-gw-corpus.csv,https://gesamtkatalogderwiegendrucke.de/docs/GW12979.htm,https://data.cerl.org/istc/ic00992300
12980,ic00992500,horae-gw-corpus.csv,https://gesamtkatalogderwiegendrucke.de/docs/GW12980.htm,https://data.cerl.org/istc/ic00992500
12981,ig00112700,horae-gw-corpus.csv,https://gesamtkatalogderwiegendrucke.de/docs/GW12981.htm,https://data.cerl.org/istc/ig00112700
12983,ih00427995,horae-gw-corpus.csv,https://gesamtkatalogderwiegendrucke.de/docs/GW12983.htm,https://data.cerl.org/istc/ih00427995
12984,ih00433400,horae-gw-corpus.csv,https://gesamtkatalogderwiegendrucke.de/docs/GW12984.htm,https://data.cerl.org/istc/ih00433400
12985,ig00113000,horae-gw-corpus.csv,https://gesamtkatalogderwiegendrucke.de/docs/GW12985.htm,https://data.cerl.org/istc/ig00113000
12986,ih00433500,horae-gw-corpus.csv,https://gesamtkatalogderwiegendrucke.de/docs/GW12986.htm,https://data.cerl.org/istc/ih00433500
12987,ih00429000,horae-gw-corpus.csv,https://gesamtkatalogderwiegendrucke.de/docs/GW12987.htm,https://data.cerl.org/istc/ih00429000
12988,ig00112800,horae-gw-corpus.csv,https://gesamtkatalogderwiegendrucke.de/docs/GW12988.htm,https://data.cerl.org/istc/ig00112800
12989,ig00112900,horae-gw-corpus.csv,https://gesamtkatalogderwiegendrucke.de/docs/GW12989.htm,https://data.cerl.org/istc/ig00112900
12990,ih00427990,horae-gw-corpus.csv,https://gesamtkatalogderwiegendrucke.de/docs/GW12990.htm,https://data.cerl.org/istc/ih00427990
12991,ih00427998,horae-gw-corpus.csv,https://gesamtkatalogderwiegendrucke.de/docs/GW12991.htm,https://data.cerl.org/istc/ih00427998
12992,ih00433460,horae-gw-corpus.csv,https://gesamtkatalogderwiegendrucke.de/docs/GW12992.htm,https://data.cerl.org/istc/ih00433460
12993,ih00428000,horae-gw-corpus.csv,https://gesamtkatalogderwiegendrucke.de/docs/GW12993.htm,https://data.cerl.org/istc/ih00428000
12994,ik00003600,horae-gw-corpus.csv,https://gesamtkatalogderwiegendrucke.de/docs/GW12994.htm,https://data.cerl.org/istc/ik00003600
12995,ih00433480,horae-gw-corpus.csv,https://gesamtkatalogderwiegendrucke.de/docs/GW12995.htm,https://data.cerl.org/istc/ih00433480
12996,ih00433350,horae-gw-corpus.csv,https://gesamtkatalogderwiegendrucke.de/docs/GW12996.htm,https://data.cerl.org/istc/ih00433350
12997,ih00429200,horae-gw-corpus.csv,https://gesamtkatalogderwiegendrucke.de/docs/GW12997.htm,https://data.cerl.org/istc/ih00429200
12998,ih00433700,horae-gw-corpus.csv,https://gesamtkatalogderwiegendrucke.de/docs/GW12998.htm,https://data.cerl.org/istc/ih00433700
12999,ig00113060,horae-gw-corpus.csv,https://gesamtkatalogderwiegendrucke.de/docs/GW12999.htm,https://data.cerl.org/istc/ig00113060
13000,ig00113080,horae-gw-corpus.csv,https://gesamtkatalogderwiegendrucke.de/docs/GW13000.htm,https://data.cerl.org/istc/ig00113080
13002,ig00113100,horae-gw-corpus.csv,https://gesamtkatalogderwiegendrucke.de/docs/GW13002.htm,https://data.cerl.org/istc/ig00113100
13003,ig00113110,horae-gw-corpus.csv,https://gesamtkatalogderwiegendrucke.de/docs/GW13003.htm,https://data.cerl.org/istc/ig00113110
13004,ig00113130,horae-gw-corpus.csv,https://gesamtkatalogderwiegendrucke.de/docs/GW13004.htm,https://data.cerl.org/istc/ig00113130
13005,ig00113135,horae-gw-corpus.csv,https://gesamtkatalogderwiegendrucke.de/docs/GW13005.htm,https://data.cerl.org/istc/ig00113135
13006,ig00113138,horae-gw-corpus.csv,https://gesamtkatalogderwiegendrucke.de/docs/GW13006.htm,https://data.cerl.org/istc/ig00113138
13007,ig00113160,horae-gw-corpus.csv,https://gesamtkatalogderwiegendrucke.de/docs/GW13007.htm,https://data.cerl.org/istc/ig00113160
13008,ig00113150,horae-gw-corpus.csv,https://gesamtkatalogderwiegendrucke.de/docs/GW13008.htm,https://data.cerl.org/istc/ig00113150
13009,ig00113140,horae-gw-corpus.csv,https://gesamtkatalogderwiegendrucke.de/docs/GW13009.htm,https://data.cerl.org/istc/ig00113140
13010,ig00113180,horae-gw-corpus.csv,https://gesamtkatalogderwiegendrucke.de/docs/GW13010.htm,https://data.cerl.org/istc/ig00113180
13011,ig00113170,horae-gw-corpus.csv,https://gesamtkatalogderwiegendrucke.de/docs/GW13011.htm,https://data.cerl.org/istc/ig00113170
13012,ig00113090,horae-gw-corpus.csv,https://gesamtkatalogderwiegendrucke.de/docs/GW13012.htm,https://data.cerl.org/istc/ig00113090
13013,ih00420300,horae-gw-corpus.csv,https://gesamtkatalogderwiegendrucke.de/docs/GW13013.htm,https://data.cerl.org/istc/ih00420300
13014,ih00420435,horae-gw-corpus.csv,https://gesamtkatalogderwiegendrucke.de/docs/GW13014.htm,https://data.cerl.org/istc/ih00420435
13015,ih00420600,horae-gw-corpus.csv,https://gesamtkatalogderwiegendrucke.de/docs/GW13015.htm,https://data.cerl.org/istc/ih00420600
13016,ih00420700,horae-gw-corpus.csv,https://gesamtkatalogderwiegendrucke.de/docs/GW13016.htm,https://data.cerl.org/istc/ih00420700
13017,ih00420650,horae-gw-corpus.csv,https://gesamtkatalogderwiegendrucke.de/docs/GW13017.htm,https://data.cerl.org/istc/ih00420650
13018,ih00424500,horae-gw-corpus.csv,https://gesamtkatalogderwiegendrucke.de/docs/GW13018.htm,https://data.cerl.org/istc/ih00424500
13019,ih00425400,horae-gw-corpus.csv,https://gesamtkatalogderwiegendrucke.de/docs/GW13019.htm,https://data.cerl.org/istc/ih00425400
13020,ih00425300,horae-gw-corpus.csv,https://gesamtkatalogderwiegendrucke.de/docs/GW13020.htm,https://data.cerl.org/istc/ih00425300
13021,ih00420200,horae-gw-corpus.csv,https://gesamtkatalogderwiegendrucke.de/docs/GW13021.htm,https://data.cerl.org/istc/ih00420200
13022,ih00420350,horae-gw-corpus.csv,https://gesamtkatalogderwiegendrucke.de/docs/GW13022.htm,https://data.cerl.org/istc/ih00420350
13022,ih00420400,horae-gw-corpus.csv,https://gesamtkatalogderwiegendrucke.de/docs/GW13022.htm,https://data.cerl.org/istc/ih00420400
13025,ih00420450,horae-gw-corpus.csv,https://gesamtkatalogderwiegendrucke.de/docs/GW13025.htm,https://data.cerl.org/istc/ih00420450
13025,ih00420520,horae-gw-corpus.csv,https://gesamtkatalogderwiegendrucke.de/docs/GW13025.htm,https://data.cerl.org/istc/ih00420520
13026,ih00420500,horae-gw-corpus.csv,https://gesamtkatalogderwiegendrucke.de/docs/GW13026.htm,https://data.cerl.org/istc/ih00420500
13027,ih00420550,horae-gw-corpus.csv,https://gesamtkatalogderwiegendrucke.de/docs/GW13027.htm,https://data.cerl.org/istc/ih00420550
13028,ih00425200,horae-gw-corpus.csv,https://gesamtkatalogderwiegendrucke.de/docs/GW13028.htm,https://data.cerl.org/istc/ih00425200
13029,ih00357400,horae-gw-corpus.csv,https://gesamtkatalogderwiegendrucke.de/docs/GW13029.htm,https://data.cerl.org/istc/ih00357400
13030,ih00344650,horae-gw-corpus.csv,https://gesamtkatalogderwiegendrucke.de/docs/GW13030.htm,https://data.cerl.org/istc/ih00344650
13031,ih00357440,horae-gw-corpus.csv,https://gesamtkatalogderwiegendrucke.de/docs/GW13031.htm,https://data.cerl.org/istc/ih00357440
13032,ih00425700,horae-gw-corpus.csv,https://gesamtkatalogderwiegendrucke.de/docs/GW13032.htm,https://data.cerl.org/istc/ih00425700
13033,ih00344500,horae-gw-corpus.csv,https://gesamtkatalogderwiegendrucke.de/docs/GW13033.htm,https://data.cerl.org/istc/ih00344500
13034,ih00362700,horae-gw-corpus.csv,https://gesamtkatalogderwiegendrucke.de/docs/GW13034.htm,https://data.cerl.org/istc/ih00362700
13035,ih00365240,horae-gw-corpus.csv,https://gesamtkatalogderwiegendrucke.de/docs/GW13035.htm,https://data.cerl.org/istc/ih00365240
13036,ih00328300,horae-gw-corpus.csv,https://gesamtkatalogderwiegendrucke.de/docs/GW13036.htm,https://data.cerl.org/istc/ih00328300
13037,ih00399360,horae-gw-corpus.csv,https://gesamtkatalogderwiegendrucke.de/docs/GW13037.htm,https://data.cerl.org/istc/ih00399360
13038,ih00399600,horae-gw-corpus.csv,https://gesamtkatalogderwiegendrucke.de/docs/GW13038.htm,https://data.cerl.org/istc/ih00399600
13040,ih00348150,horae-gw-corpus.csv,https://gesamtkatalogderwiegendrucke.de/docs/GW13040.htm,https://data.cerl.org/istc/ih00348150
13041,ih00327700,horae-gw-corpus.csv,https://gesamtkatalogderwiegendrucke.de/docs/GW13041.htm,https://data.cerl.org/istc/ih00327700
13042,ih00357086,horae-gw-corpus.csv,https://gesamtkatalogderwiegendrucke.de/docs/GW13042.htm,https://data.cerl.org/istc/ih00357086
13043,ih00370500,horae-gw-corpus.csv,https://gesamtkatalogderwiegendrucke.de/docs/GW13043.htm,https://data.cerl.org/istc/ih00370500
13045,ih00427761,horae-gw-corpus.csv,https://gesamtkatalogderwiegendrucke.de/docs/GW13045.htm,https://data.cerl.org/istc/ih00427761
13046,ih00335220,horae-gw-corpus.csv,https://gesamtkatalogderwiegendrucke.de/docs/GW13046.htm,https://data.cerl.org/istc/ih00335220
13047,ih00344200,horae-gw-corpus.csv,https://gesamtkatalogderwiegendrucke.de/docs/GW13047.htm,https://data.cerl.org/istc/ih00344200
13048,ih00425000,horae-gw-corpus.csv,https://gesamtkatalogderwiegendrucke.de/docs/GW13048.htm,https://data.cerl.org/istc/ih00425000
13049,ih00424700,horae-gw-corpus.csv,https://gesamtkatalogderwiegendrucke.de/docs/GW13049.htm,https://data.cerl.org/istc/ih00424700
13050,ih00357890,horae-gw-corpus.csv,https://gesamtkatalogderwiegendrucke.de/docs/GW13050.htm,https://data.cerl.org/istc/ih00357890
13051,ih00420330,horae-gw-corpus.csv,https://gesamtkatalogderwiegendrucke.de/docs/GW13051.htm,https://data.cerl.org/istc/ih00420330
13052,ih00418010,horae-gw-corpus.csv,https://gesamtkatalogderwiegendrucke.de/docs/GW13052.htm,https://data.cerl.org/istc/ih00418010
13053,ih00357470,horae-gw-corpus.csv,https://gesamtkatalogderwiegendrucke.de/docs/GW13053.htm,https://data.cerl.org/istc/ih00357470
13054,ih00324100,horae-gw-corpus.csv,https://gesamtkatalogderwiegendrucke.de/docs/GW13054.htm,https://data.cerl.org/istc/ih00324100
13055,ih00349600,horae-gw-corpus.csv,https://gesamtkatalogderwiegendrucke.de/docs/GW13055.htm,https://data.cerl.org/istc/ih00349600
13056,ih00343000,horae-gw-corpus.csv,https://gesamtkatalogderwiegendrucke.de/docs/GW13056.htm,https://data.cerl.org/istc/ih00343000
13057,ih00417700,horae-gw-corpus.csv,https://gesamtkatalogderwiegendrucke.de/docs/GW13057.htm,https://data.cerl.org/istc/ih00417700
13058,ih00426300,horae-gw-corpus.csv,https://gesamtkatalogderwiegendrucke.de/docs/GW13058.htm,https://data.cerl.org/istc/ih00426300
13059,ih00326300,horae-gw-corpus.csv,https://gesamtkatalogderwiegendrucke.de/docs/GW13059.htm,https://data.cerl.org/istc/ih00326300
13060,ih00351500,horae-gw-corpus.csv,https://gesamtkatalogderwiegendrucke.de/docs/GW13060.htm,https://data.cerl.org/istc/ih00351500
13061,ih00377400,horae-gw-corpus.csv,https://gesamtkatalogderwiegendrucke.de/docs/GW13061.htm,https://data.cerl.org/istc/ih00377400
13062,ih00352500,horae-gw-corpus.csv,https://gesamtkatalogderwiegendrucke.de/docs/GW13062.htm,https://data.cerl.org/istc/ih00352500
13065,ih00359670,horae-gw-corpus.csv,https://gesamtkatalogderwiegendrucke.de/docs/GW13065.htm,https://data.cerl.org/istc/ih00359670
13066,ih00337700,horae-gw-corpus.csv,https://gesamtkatalogderwiegendrucke.de/docs/GW13066.htm,https://data.cerl.org/istc/ih00337700
13067,ih00359650,horae-gw-corpus.csv,https://gesamtkatalogderwiegendrucke.de/docs/GW13067.htm,https://data.cerl.org/istc/ih00359650
13069,ih00364400,horae-gw-corpus.csv,https://gesamtkatalogderwiegendrucke.de/docs/GW13069.htm,https://data.cerl.org/istc/ih00364400
13070,ih00411450,horae-gw-corpus.csv,https://gesamtkatalogderwiegendrucke.de/docs/GW13070.htm,https://data.cerl.org/istc/ih00411450
13071,ih00369360,horae-gw-corpus.csv,https://gesamtkatalogderwiegendrucke.de/docs/GW13071.htm,https://data.cerl.org/istc/ih00369360
13072,ih00346000,horae-gw-corpus.csv,https://gesamtkatalogderwiegendrucke.de/docs/GW13072.htm,https://data.cerl.org/istc/ih00346000
13073,ih00370600,horae-gw-corpus.csv,https://gesamtkatalogderwiegendrucke.de/docs/GW13073.htm,https://data.cerl.org/istc/ih00370600
13074,ih00352200,horae-gw-corpus.csv,https://gesamtkatalogderwiegendrucke.de/docs/GW13074.htm,https://data.cerl.org/istc/ih00352200
13075,ih00367000,horae-gw-corpus.csv,https://gesamtkatalogderwiegendrucke.de/docs/GW13075.htm,https://data.cerl.org/istc/ih00367000
13076,ih00377650,horae-gw-corpus.csv,https://gesamtkatalogderwiegendrucke.de/docs/GW13076.htm,https://data.cerl.org/istc/ih00377650
13077,"ih00431350,1",horae-gw-corpus.csv,https://gesamtkatalogderwiegendrucke.de/docs/GW13077.htm,"https://data.cerl.org/istc/ih00431350,1"
13078,ih00392100,horae-gw-corpus.csv,https://gesamtkatalogderwiegendrucke.de/docs/GW13078.htm,https://data.cerl.org/istc/ih00392100
13079,ih00352800,horae-gw-corpus.csv,https://gesamtkatalogderwiegendrucke.de/docs/GW13079.htm,https://data.cerl.org/istc/ih00352800
13080,"ih00431350,2",horae-gw-corpus.csv,https://gesamtkatalogderwiegendrucke.de/docs/GW13080.htm,"https://data.cerl.org/istc/ih00431350,2"
13081,ih00411200,horae-gw-corpus.csv,https://gesamtkatalogderwiegendrucke.de/docs/GW13081.htm,https://data.cerl.org/istc/ih00411200
13082,ih00398500,horae-gw-corpus.csv,https://gesamtkatalogderwiegendrucke.de/docs/GW13082.htm,https://data.cerl.org/istc/ih00398500
13083,ih00353000,horae-gw-corpus.csv,https://gesamtkatalogderwiegendrucke.de/docs/GW13083.htm,https://data.cerl.org/istc/ih00353000
1308350N,ih00419400,horae-gw-corpus.csv,https://gesamtkatalogderwiegendrucke.de/docs/GW1308350N.htm,https://data.cerl.org/istc/ih00419400
13084,ih00343400,horae-gw-corpus.csv,https://gesamtkatalogderwiegendrucke.de/docs/GW13084.htm,https://data.cerl.org/istc/ih00343400
13085,ih00356000,horae-gw-corpus.csv,https://gesamtkatalogderwiegendrucke.de/docs/GW13085.htm,https://data.cerl.org/istc/ih00356000
13086,ih00433000,horae-gw-corpus.csv,https://gesamtkatalogderwiegendrucke.de/docs/GW13086.htm,https://data.cerl.org/istc/ih00433000
13089,ih00324700,horae-gw-corpus.csv,https://gesamtkatalogderwiegendrucke.de/docs/GW13089.htm,https://data.cerl.org/istc/ih00324700
13090,ih00369355,horae-gw-corpus.csv,https://gesamtkatalogderwiegendrucke.de/docs/GW13090.htm,https://data.cerl.org/istc/ih00369355
13091,ih00370200,horae-gw-corpus.csv,https://gesamtkatalogderwiegendrucke.de/docs/GW13091.htm,https://data.cerl.org/istc/ih00370200
13092,ih00367600,horae-gw-corpus.csv,https://gesamtkatalogderwiegendrucke.de/docs/GW13092.htm,https://data.cerl.org/istc/ih00367600
13093,ih00420580,horae-gw-corpus.csv,https://gesamtkatalogderwiegendrucke.de/docs/GW13093.htm,https://data.cerl.org/istc/ih00420580
13094,ih00357160,horae-gw-corpus.csv,https://gesamtkatalogderwiegendrucke.de/docs/GW13094.htm,https://data.cerl.org/istc/ih00357160
13095,ih00339520,horae-gw-corpus.csv,https://gesamtkatalogderwiegendrucke.de/docs/GW13095.htm,https://data.cerl.org/istc/ih00339520
13096,ih00377780,horae-gw-corpus.csv,https://gesamtkatalogderwiegendrucke.de/docs/GW13096.htm,https://data.cerl.org/istc/ih00377780
13097,ih00352300,horae-gw-corpus.csv,https://gesamtkatalogderwiegendrucke.de/docs/GW13097.htm,https://data.cerl.org/istc/ih00352300
13098,ih00377790,horae-gw-corpus.csv,https://gesamtkatalogderwiegendrucke.de/docs/GW13098.htm,https://data.cerl.org/istc/ih00377790
13099,ih00419600,horae-gw-corpus.csv,https://gesamtkatalogderwiegendrucke.de/docs/GW13099.htm,https://data.cerl.org/istc/ih00419600
13100,ih00354400,horae-gw-corpus.csv,https://gesamtkatalogderwiegendrucke.de/docs/GW13100.htm,https://data.cerl.org/istc/ih00354400
13101,ih00399500,horae-gw-corpus.csv,https://gesamtkatalogderwiegendrucke.de/docs/GW13101.htm,https://data.cerl.org/istc/ih00399500
13102,ih00341500,horae-gw-corpus.csv,https://gesamtkatalogderwiegendrucke.de/docs/GW13102.htm,https://data.cerl.org/istc/ih00341500
13103,ih00407000,horae-gw-corpus.csv,https://gesamtkatalogderwiegendrucke.de/docs/GW13103.htm,https://data.cerl.org/istc/ih00407000
13104,ih00411550,horae-gw-corpus.csv,https://gesamtkatalogderwiegendrucke.de/docs/GW13104.htm,https://data.cerl.org/istc/ih00411550
13105,ih00411600,horae-gw-corpus.csv,https://gesamtkatalogderwiegendrucke.de/docs/GW13105.htm,https://data.cerl.org/istc/ih00411600
13106,ih00411620,horae-gw-corpus.csv,https://gesamtkatalogderwiegendrucke.de/docs/GW13106.htm,https://data.cerl.org/istc/ih00411620
13107,ih00355000,horae-gw-corpus.csv,https://gesamtkatalogderwiegendrucke.de/docs/GW13107.htm,https://data.cerl.org/istc/ih00355000
13108,ih00345480,horae-gw-corpus.csv,https://gesamtkatalogderwiegendrucke.de/docs/GW13108.htm,https://data.cerl.org/istc/ih00345480
13109,ih00341800,horae-gw-corpus.csv,https://gesamtkatalogderwiegendrucke.de/docs/GW13109.htm,https://data.cerl.org/istc/ih00341800
13110,ih00411670,horae-gw-corpus.csv,https://gesamtkatalogderwiegendrucke.de/docs/GW13110.htm,https://data.cerl.org/istc/ih00411670
13111,ih00357900,horae-gw-corpus.csv,https://gesamtkatalogderwiegendrucke.de/docs/GW13111.htm,https://data.cerl.org/istc/ih00357900
13112,ih00362300,horae-gw-corpus.csv,https://gesamtkatalogderwiegendrucke.de/docs/GW13112.htm,https://data.cerl.org/istc/ih00362300
13113,ih00357050,horae-gw-corpus.csv,https://gesamtkatalogderwiegendrucke.de/docs/GW13113.htm,https://data.cerl.org/istc/ih00357050
13114,ih00365500,horae-gw-corpus.csv,https://gesamtkatalogderwiegendrucke.de/docs/GW13114.htm,https://data.cerl.org/istc/ih00365500
13115,ih00325700,horae-gw-corpus.csv,https://gesamtkatalogderwiegendrucke.de/docs/GW13115.htm,https://data.cerl.org/istc/ih00325700
13116,ih00370550,horae-gw-corpus.csv,https://gesamtkatalogderwiegendrucke.de/docs/GW13116.htm,https://data.cerl.org/istc/ih00370550
13117,ih00371000,horae-gw-corpus.csv,https://gesamtkatalogderwiegendrucke.de/docs/GW13117.htm,https://data.cerl.org/istc/ih00371000
13118,ih00338700,horae-gw-corpus.csv,https://gesamtkatalogderwiegendrucke.de/docs/GW13118.htm,https://data.cerl.org/istc/ih00338700
13119,ih00374200,horae-gw-corpus.csv,https://gesamtkatalogderwiegendrucke.de/docs/GW13119.htm,https://data.cerl.org/istc/ih00374200
13120,ih00341700,horae-gw-corpus.csv,https://gesamtkatalogderwiegendrucke.de/docs/GW13120.htm,https://data.cerl.org/istc/ih00341700
13121,ih00352400,horae-gw-corpus.csv,https://gesamtkatalogderwiegendrucke.de/docs/GW13121.htm,https://data.cerl.org/istc/ih00352400
13122,ih00352000,horae-gw-corpus.csv,https://gesamtkatalogderwiegendrucke.de/docs/GW13122.htm,https://data.cerl.org/istc/ih00352000
13123,ih00401300,horae-gw-corpus.csv,https://gesamtkatalogderwiegendrucke.de/docs/GW13123.htm,https://data.cerl.org/istc/ih00401300
13124,ih00392150,horae-gw-corpus.csv,https://gesamtkatalogderwiegendrucke.de/docs/GW13124.htm,https://data.cerl.org/istc/ih00392150
13125,ih00392200,horae-gw-corpus.csv,https://gesamtkatalogderwiegendrucke.de/docs/GW13125.htm,https://data.cerl.org/istc/ih00392200
13126,ih00392300,horae-gw-corpus.csv,https://gesamtkatalogderwiegendrucke.de/docs/GW13126.htm,https://data.cerl.org/istc/ih00392300
13127,ih00357140,horae-gw-corpus.csv,https://gesamtkatalogderwiegendrucke.de/docs/GW13127.htm,https://data.cerl.org/istc/ih00357140
13128,ih00422300,horae-gw-corpus.csv,https://gesamtkatalogderwiegendrucke.de/docs/GW13128.htm,https://data.cerl.org/istc/ih00422300
13129,ih00422500,horae-gw-corpus.csv,https://gesamtkatalogderwiegendrucke.de/docs/GW13129.htm,https://data.cerl.org/istc/ih00422500
13130,ig00113190,horae-gw-corpus.csv,https://gesamtkatalogderwiegendrucke.de/docs/GW13130.htm,https://data.cerl.org/istc/ig00113190
13131,ih00359600,horae-gw-corpus.csv,https://gesamtkatalogderwiegendrucke.de/docs/GW13131.htm,https://data.cerl.org/istc/ih00359600
13132,ih00369800,horae-gw-corpus.csv,https://gesamtkatalogderwiegendrucke.de/docs/GW13132.htm,https://data.cerl.org/istc/ih00369800
13133,ih00339480,horae-gw-corpus.csv,https://gesamtkatalogderwiegendrucke.de/docs/GW13133.htm,https://data.cerl.org/istc/ih00339480
13134,ih00370510,horae-gw-corpus.csv,https://gesamtkatalogderwiegendrucke.de/docs/GW13134.htm,https://data.cerl.org/istc/ih00370510
13135,ih00370520,horae-gw-corpus.csv,https://gesamtkatalogderwiegendrucke.de/docs/GW13135.htm,https://data.cerl.org/istc/ih00370520
13136,ih00357087,horae-gw-corpus.csv,https://gesamtkatalogderwiegendrucke.de/docs/GW13136.htm,https://data.cerl.org/istc/ih00357087
13137,ih00370280,horae-gw-corpus.csv,https://gesamtkatalogderwiegendrucke.de/docs/GW13137.htm,https://data.cerl.org/istc/ih00370280
13138,ih00343100,horae-gw-corpus.csv,https://gesamtkatalogderwiegendrucke.de/docs/GW13138.htm,https://data.cerl.org/istc/ih00343100
13139,ih00418200,horae-gw-corpus.csv,https://gesamtkatalogderwiegendrucke.de/docs/GW13139.htm,https://data.cerl.org/istc/ih00418200
1313950N,ih00373800,horae-gw-corpus.csv,https://gesamtkatalogderwiegendrucke.de/docs/GW1313950N.htm,https://data.cerl.org/istc/ih00373800
13140,ih00375300,horae-gw-corpus.csv,https://gesamtkatalogderwiegendrucke.de/docs/GW13140.htm,https://data.cerl.org/istc/ih00375300
13141,ih00398600,horae-gw-corpus.csv,https://gesamtkatalogderwiegendrucke.de/docs/GW13141.htm,https://data.cerl.org/istc/ih00398600
1314110,ih00427765,horae-gw-corpus.csv,https://gesamtkatalogderwiegendrucke.de/docs/GW1314110.htm,https://data.cerl.org/istc/ih00427765
13142,ih00427830,horae-gw-corpus.csv,https://gesamtkatalogderwiegendrucke.de/docs/GW13142.htm,https://data.cerl.org/istc/ih00427830
13143,ih00357775,horae-gw-corpus.csv,https://gesamtkatalogderwiegendrucke.de/docs/GW13143.htm,https://data.cerl.org/istc/ih00357775
13144,ih00357785,horae-gw-corpus.csv,https://gesamtkatalogderwiegendrucke.de/docs/GW13144.htm,https://data.cerl.org/istc/ih00357785
13145,ih00359000,horae-gw-corpus.csv,https://gesamtkatalogderwiegendrucke.de/docs/GW13145.htm,https://data.cerl.org/istc/ih00359000
13146,ih00369300,horae-gw-corpus.csv,https://gesamtkatalogderwiegendrucke.de/docs/GW13146.htm,https://data.cerl.org/istc/ih00369300
13147,ih00351000,horae-gw-corpus.csv,https://gesamtkatalogderwiegendrucke.de/docs/GW13147.htm,https://data.cerl.org/istc/ih00351000
13148,ih00370000,horae-gw-corpus.csv,https://gesamtkatalogderwiegendrucke.de/docs/GW13148.htm,https://data.cerl.org/istc/ih00370000
13149,ih00332310,horae-gw-corpus.csv,https://gesamtkatalogderwiegendrucke.de/docs/GW13149.htm,https://data.cerl.org/istc/ih00332310
13150,ih00363000,horae-gw-corpus.csv,https://gesamtkatalogderwiegendrucke.de/docs/GW13150.htm,https://data.cerl.org/istc/ih00363000
13151,ih00374000,horae-gw-corpus.csv,https://gesamtkatalogderwiegendrucke.de/docs/GW13151.htm,https://data.cerl.org/istc/ih00374000
13152,ih00427760,horae-gw-corpus.csv,https://gesamtkatalogderwiegendrucke.de/docs/GW13152.htm,https://data.cerl.org/istc/ih00427760
13153,ih00375100,horae-gw-corpus.csv,https://gesamtkatalogderwiegendrucke.de/docs/GW13153.htm,https://data.cerl.org/istc/ih00375100
13154,ih00377000,horae-gw-corpus.csv,https://gesamtkatalogderwiegendrucke.de/docs/GW13154.htm,https://data.cerl.org/istc/ih00377000
13155,ih00339600,horae-gw-corpus.csv,https://gesamtkatalogderwiegendrucke.de/docs/GW13155.htm,https://data.cerl.org/istc/ih00339600
13156,ih00421000,horae-gw-corpus.csv,https://gesamtkatalogderwiegendrucke.de/docs/GW13156.htm,https://data.cerl.org/istc/ih00421000
13157,ih00384000,horae-gw-corpus.csv,https://gesamtkatalogderwiegendrucke.de/docs/GW13157.htm,https://data.cerl.org/istc/ih00384000
13158,ih00386000,horae-gw-corpus.csv,https://gesamtkatalogderwiegendrucke.de/docs/GW13158.htm,https://data.cerl.org/istc/ih00386000
13159,ih00390400,horae-gw-corpus.csv,https://gesamtkatalogderwiegendrucke.de/docs/GW13159.htm,https://data.cerl.org/istc/ih00390400
13160,ih00419700,horae-gw-corpus.csv,https://gesamtkatalogderwiegendrucke.de/docs/GW13160.htm,https://data.cerl.org/istc/ih00419700
13161,ih00357089,horae-gw-corpus.csv,https://gesamtkatalogderwiegendrucke.de/docs/GW13161.htm,https://data.cerl.org/istc/ih00357089
13162,ih00394400,horae-gw-corpus.csv,https://gesamtkatalogderwiegendrucke.de/docs/GW13162.htm,https://data.cerl.org/istc/ih00394400
13163,ih00395300,horae-gw-corpus.csv,https://gesamtkatalogderwiegendrucke.de/docs/GW13163.htm,https://data.cerl.org/istc/ih00395300
13164,ih00395400,horae-gw-corpus.csv,https://gesamtkatalogderwiegendrucke.de/docs/GW13164.htm,https://data.cerl.org/istc/ih00395400
1316450N,ih00399750,horae-gw-corpus.csv,https://gesamtkatalogderwiegendrucke.de/docs/GW1316450N.htm,https://data.cerl.org/istc/ih00399750
13165,ih00344900,horae-gw-corpus.csv,https://gesamtkatalogderwiegendrucke.de/docs/GW13165.htm,https://data.cerl.org/istc/ih00344900
13166,ih00399300,horae-gw-corpus.csv,https://gesamtkatalogderwiegendrucke.de/docs/GW13166.htm,https://data.cerl.org/istc/ih00399300
13167,ih00345900,horae-gw-corpus.csv,https://gesamtkatalogderwiegendrucke.de/docs/GW13167.htm,https://data.cerl.org/istc/ih00345900
13168,ih00419200,horae-gw-corpus.csv,https://gesamtkatalogderwiegendrucke.de/docs/GW13168.htm,https://data.cerl.org/istc/ih00419200
13169,ih00405900,horae-gw-corpus.csv,https://gesamtkatalogderwiegendrucke.de/docs/GW13169.htm,https://data.cerl.org/istc/ih00405900
13170,ih00342000,horae-gw-corpus.csv,https://gesamtkatalogderwiegendrucke.de/docs/GW13170.htm,https://data.cerl.org/istc/ih00342000
13171,ih00432800,horae-gw-corpus.csv,https://gesamtkatalogderwiegendrucke.de/docs/GW13171.htm,https://data.cerl.org/istc/ih00432800
13172,ih00364200,horae-gw-corpus.csv,https://gesamtkatalogderwiegendrucke.de/docs/GW13172.htm,https://data.cerl.org/istc/ih00364200
13173,ih00360250,horae-gw-corpus.csv,https://gesamtkatalogderwiegendrucke.de/docs/GW13173.htm,https://data.cerl.org/istc/ih00360250
13174,ih00369150,horae-gw-corpus.csv,https://gesamtkatalogderwiegendrucke.de/docs/GW13174.htm,https://data.cerl.org/istc/ih00369150
13175,ih00346300,horae-gw-corpus.csv,https://gesamtkatalogderwiegendrucke.de/docs/GW13175.htm,https://data.cerl.org/istc/ih00346300
13176,ih00420445,horae-gw-corpus.csv,https://gesamtkatalogderwiegendrucke.de/docs/GW13176.htm,https://data.cerl.org/istc/ih00420445
13177,ih00376000,horae-gw-corpus.csv,https://gesamtkatalogderwiegendrucke.de/docs/GW13177.htm,https://data.cerl.org/istc/ih00376000
13178,ih00341860,horae-gw-corpus.csv,https://gesamtkatalogderwiegendrucke.de/docs/GW13178.htm,https://data.cerl.org/istc/ih00341860
13179,ih00376850,horae-gw-corpus.csv,https://gesamtkatalogderwiegendrucke.de/docs/GW13179.htm,https://data.cerl.org/istc/ih00376850
13180,ih00427770,horae-gw-corpus.csv,https://gesamtkatalogderwiegendrucke.de/docs/GW13180.htm,https://data.cerl.org/istc/ih00427770
13181,ih00377450,horae-gw-corpus.csv,https://gesamtkatalogderwiegendrucke.de/docs/GW13181.htm,https://data.cerl.org/istc/ih00377450
13182,ih00377700,horae-gw-corpus.csv,https://gesamtkatalogderwiegendrucke.de/docs/GW13182.htm,https://data.cerl.org/istc/ih00377700
13183,ih00339190,horae-gw-corpus.csv,https://gesamtkatalogderwiegendrucke.de/docs/GW13183.htm,https://data.cerl.org/istc/ih00339190
13184,ih00346500,horae-gw-corpus.csv,https://gesamtkatalogderwiegendrucke.de/docs/GW13184.htm,https://data.cerl.org/istc/ih00346500
13185,ih00378100,horae-gw-corpus.csv,https://gesamtkatalogderwiegendrucke.de/docs/GW13185.htm,https://data.cerl.org/istc/ih00378100
13186,ih00377600,horae-gw-corpus.csv,https://gesamtkatalogderwiegendrucke.de/docs/GW13186.htm,https://data.cerl.org/istc/ih00377600
13187,ih00378500,horae-gw-corpus.csv,https://gesamtkatalogderwiegendrucke.de/docs/GW13187.htm,https://data.cerl.org/istc/ih00378500
13188,ih00339800,horae-gw-corpus.csv,https://gesamtkatalogderwiegendrucke.de/docs/GW13188.htm,https://data.cerl.org/istc/ih00339800
13189,ih00380495,horae-gw-corpus.csv,https://gesamtkatalogderwiegendrucke.de/docs/GW13189.htm,https://data.cerl.org/istc/ih00380495
13190,ih00380500,horae-gw-corpus.csv,https://gesamtkatalogderwiegendrucke.de/docs/GW13190.htm,https://data.cerl.org/istc/ih00380500
13191,ih00339000,horae-gw-corpus.csv,https://gesamtkatalogderwiegendrucke.de/docs/GW13191.htm,https://data.cerl.org/istc/ih00339000
13192,ih00347000,horae-gw-corpus.csv,https://gesamtkatalogderwiegendrucke.de/docs/GW13192.htm,https://data.cerl.org/istc/ih00347000
1319250N,ih00373800,horae-gw-corpus.csv,https://gesamtkatalogderwiegendrucke.de/docs/GW1319250N.htm,https://data.cerl.org/istc/ih00373800
13193,ih00418800,horae-gw-corpus.csv,https://gesamtkatalogderwiegendrucke.de/docs/GW13193.htm,https://data.cerl.org/istc/ih00418800
13194,ih00389000,horae-gw-corpus.csv,https://gesamtkatalogderwiegendrucke.de/docs/GW13194.htm,https://data.cerl.org/istc/ih00389000
13195,ih00383000,horae-gw-corpus.csv,https://gesamtkatalogderwiegendrucke.de/docs/GW13195.htm,https://data.cerl.org/istc/ih00383000
13196,ih00385000,horae-gw-corpus.csv,https://gesamtkatalogderwiegendrucke.de/docs/GW13196.htm,https://data.cerl.org/istc/ih00385000
13197,ih00386050,horae-gw-corpus.csv,https://gesamtkatalogderwiegendrucke.de/docs/GW13197.htm,https://data.cerl.org/istc/ih00386050
13198,ih00387000,horae-gw-corpus.csv,https://gesamtkatalogderwiegendrucke.de/docs/GW13198.htm,https://data.cerl.org/istc/ih00387000
13199,ih00388000,horae-gw-corpus.csv,https://gesamtkatalogderwiegendrucke.de/docs/GW13199.htm,https://data.cerl.org/istc/ih00388000
13200,ih00389800,horae-gw-corpus.csv,https://gesamtkatalogderwiegendrucke.de/docs/GW13200.htm,https://data.cerl.org/istc/ih00389800
13201,ih00339490,horae-gw-corpus.csv,https://gesamtkatalogderwiegendrucke.de/docs/GW13201.htm,https://data.cerl.org/istc/ih00339490
13202,ih00390500,horae-gw-corpus.csv,https://gesamtkatalogderwiegendrucke.de/docs/GW13202.htm,https://data.cerl.org/istc/ih00390500
13203,ih00427880,horae-gw-corpus.csv,https://gesamtkatalogderwiegendrucke.de/docs/GW13203.htm,https://data.cerl.org/istc/ih00427880
13204,ih00390700,horae-gw-corpus.csv,https://gesamtkatalogderwiegendrucke.de/docs/GW13204.htm,https://data.cerl.org/istc/ih00390700
13205,ih00344550,horae-gw-corpus.csv,https://gesamtkatalogderwiegendrucke.de/docs/GW13205.htm,https://data.cerl.org/istc/ih00344550
13206,ih00352700,horae-gw-corpus.csv,https://gesamtkatalogderwiegendrucke.de/docs/GW13206.htm,https://data.cerl.org/istc/ih00352700
13207,ih00347700,horae-gw-corpus.csv,https://gesamtkatalogderwiegendrucke.de/docs/GW13207.htm,https://data.cerl.org/istc/ih00347700
13208,ih00393600,horae-gw-corpus.csv,https://gesamtkatalogderwiegendrucke.de/docs/GW13208.htm,https://data.cerl.org/istc/ih00393600
13209,ih00381100,horae-gw-corpus.csv,https://gesamtkatalogderwiegendrucke.de/docs/GW13209.htm,https://data.cerl.org/istc/ih00381100
13210,ih00340000,horae-gw-corpus.csv,https://gesamtkatalogderwiegendrucke.de/docs/GW13210.htm,https://data.cerl.org/istc/ih00340000
13211,ih00424000,horae-gw-corpus.csv,https://gesamtkatalogderwiegendrucke.de/docs/GW13211.htm,https://data.cerl.org/istc/ih00424000
13212,ih00419000,horae-gw-corpus.csv,https://gesamtkatalogderwiegendrucke.de/docs/GW13212.htm,https://data.cerl.org/istc/ih00419000
13213,ih00343200,horae-gw-corpus.csv,https://gesamtkatalogderwiegendrucke.de/docs/GW13213.htm,https://data.cerl.org/istc/ih00343200
13214,ih00343210,horae-gw-corpus.csv,https://gesamtkatalogderwiegendrucke.de/docs/GW13214.htm,https://data.cerl.org/istc/ih00343210
13215,ih00353500,horae-gw-corpus.csv,https://gesamtkatalogderwiegendrucke.de/docs/GW13215.htm,https://data.cerl.org/istc/ih00353500
13216,ih00423000,horae-gw-corpus.csv,https://gesamtkatalogderwiegendrucke.de/docs/GW13216.htm,https://data.cerl.org/istc/ih00423000
13217,ih00426000,horae-gw-corpus.csv,https://gesamtkatalogderwiegendrucke.de/docs/GW13217.htm,https://data.cerl.org/istc/ih00426000
13218,ih00341880,horae-gw-corpus.csv,https://gesamtkatalogderwiegendrucke.de/docs/GW13218.htm,https://data.cerl.org/istc/ih00341880
13219,ih00349000,horae-gw-corpus.csv,https://gesamtkatalogderwiegendrucke.de/docs/GW13219.htm,https://data.cerl.org/istc/ih00349000
13220,ih00357100,horae-gw-corpus.csv,https://gesamtkatalogderwiegendrucke.de/docs/GW13220.htm,https://data.cerl.org/istc/ih00357100
13221,ih00348000,horae-gw-corpus.csv,https://gesamtkatalogderwiegendrucke.de/docs/GW13221.htm,https://data.cerl.org/istc/ih00348000
13222,ih00397000,horae-gw-corpus.csv,https://gesamtkatalogderwiegendrucke.de/docs/GW13222.htm,https://data.cerl.org/istc/ih00397000
13223,ih00397100,horae-gw-corpus.csv,https://gesamtkatalogderwiegendrucke.de/docs/GW13223.htm,https://data.cerl.org/istc/ih00397100
13224,ih00339505,horae-gw-corpus.csv,https://gesamtkatalogderwiegendrucke.de/docs/GW13224.htm,https://data.cerl.org/istc/ih00339505
13225,ih00343300,horae-gw-corpus.csv,https://gesamtkatalogderwiegendrucke.de/docs/GW13225.htm,https://data.cerl.org/istc/ih00343300
13226,ih00427890,horae-gw-corpus.csv,https://gesamtkatalogderwiegendrucke.de/docs/GW13226.htm,https://data.cerl.org/istc/ih00427890
13227,ih00335240,horae-gw-corpus.csv,https://gesamtkatalogderwiegendrucke.de/docs/GW13227.htm,https://data.cerl.org/istc/ih00335240
13228,ih00354700,horae-gw-corpus.csv,https://gesamtkatalogderwiegendrucke.de/docs/GW13228.htm,https://data.cerl.org/istc/ih00354700
13229,ih00399400,horae-gw-corpus.csv,https://gesamtkatalogderwiegendrucke.de/docs/GW13229.htm,https://data.cerl.org/istc/ih00399400
13230,ih00339200,horae-gw-corpus.csv,https://gesamtkatalogderwiegendrucke.de/docs/GW13230.htm,https://data.cerl.org/istc/ih00339200
13231,ih00339300,horae-gw-corpus.csv,https://gesamtkatalogderwiegendrucke.de/docs/GW13231.htm,https://data.cerl.org/istc/ih00339300
13232,ih00427800,horae-gw-corpus.csv,https://gesamtkatalogderwiegendrucke.de/docs/GW13232.htm,https://data.cerl.org/istc/ih00427800
13233,ih00399000,horae-gw-corpus.csv,https://gesamtkatalogderwiegendrucke.de/docs/GW13233.htm,https://data.cerl.org/istc/ih00399000
13234,ih00411400,horae-gw-corpus.csv,https://gesamtkatalogderwiegendrucke.de/docs/GW13234.htm,https://data.cerl.org/istc/ih00411400
13235,ih00424600,horae-gw-corpus.csv,https://gesamtkatalogderwiegendrucke.de/docs/GW13235.htm,https://data.cerl.org/istc/ih00424600
13236,ih00335280,horae-gw-corpus.csv,https://gesamtkatalogderwiegendrucke.de/docs/GW13236.htm,https://data.cerl.org/istc/ih00335280
13237,ih00405050,horae-gw-corpus.csv,https://gesamtkatalogderwiegendrucke.de/docs/GW13237.htm,https://data.cerl.org/istc/ih00405050
13238,ih00345490,horae-gw-corpus.csv,https://gesamtkatalogderwiegendrucke.de/docs/GW13238.htm,https://data.cerl.org/istc/ih00345490
13239,ih00419300,horae-gw-corpus.csv,https://gesamtkatalogderwiegendrucke.de/docs/GW13239.htm,https://data.cerl.org/istc/ih00419300
13240,ih00427763,horae-gw-corpus.csv,https://gesamtkatalogderwiegendrucke.de/docs/GW13240.htm,https://data.cerl.org/istc/ih00427763
13241,ih00406000,horae-gw-corpus.csv,https://gesamtkatalogderwiegendrucke.de/docs/GW13241.htm,https://data.cerl.org/istc/ih00406000
13242,ih00406400,horae-gw-corpus.csv,https://gesamtkatalogderwiegendrucke.de/docs/GW13242.htm,https://data.cerl.org/istc/ih00406400
13243,ih00345450,horae-gw-corpus.csv,https://gesamtkatalogderwiegendrucke.de/docs/GW13243.htm,https://data.cerl.org/istc/ih00345450
13244,ih00405000,horae-gw-corpus.csv,https://gesamtkatalogderwiegendrucke.de/docs/GW13244.htm,https://data.cerl.org/istc/ih00405000
13245,ih00354000,horae-gw-corpus.csv,https://gesamtkatalogderwiegendrucke.de/docs/GW13245.htm,https://data.cerl.org/istc/ih00354000
13246,ih00360200,horae-gw-corpus.csv,https://gesamtkatalogderwiegendrucke.de/docs/GW13246.htm,https://data.cerl.org/istc/ih00360200
13247,ih00369153,horae-gw-corpus.csv,https://gesamtkatalogderwiegendrucke.de/docs/GW13247.htm,https://data.cerl.org/istc/ih00369153
13248,ih00378170,horae-gw-corpus.csv,https://gesamtkatalogderwiegendrucke.de/docs/GW13248.htm,https://data.cerl.org/istc/ih00378170
13249,ih00379000,horae-gw-corpus.csv,https://gesamtkatalogderwiegendrucke.de/docs/GW13249.htm,https://data.cerl.org/istc/ih00379000
13250,ih00382000,horae-gw-corpus.csv,https://gesamtkatalogderwiegendrucke.de/docs/GW13250.htm,https://data.cerl.org/istc/ih00382000
13251,ih00422000,horae-gw-corpus.csv,https://gesamtkatalogderwiegendrucke.de/docs/GW13251.htm,https://data.cerl.org/istc/ih00422000
13252,ih00383500,horae-gw-corpus.csv,https://gesamtkatalogderwiegendrucke.de/docs/GW13252.htm,https://data.cerl.org/istc/ih00383500
13253,ih00395000,horae-gw-corpus.csv,https://gesamtkatalogderwiegendrucke.de/docs/GW13253.htm,https://data.cerl.org/istc/ih00395000
13254,ih00395050,horae-gw-corpus.csv,https://gesamtkatalogderwiegendrucke.de/docs/GW13254.htm,https://data.cerl.org/istc/ih00395050
13255,ih00401290,horae-gw-corpus.csv,https://gesamtkatalogderwiegendrucke.de/docs/GW13255.htm,https://data.cerl.org/istc/ih00401290
13256,ih00401000,horae-gw-corpus.csv,https://gesamtkatalogderwiegendrucke.de/docs/GW13256.htm,https://data.cerl.org/istc/ih00401000
13257,ih00401270,horae-gw-corpus.csv,https://gesamtkatalogderwiegendrucke.de/docs/GW13257.htm,https://data.cerl.org/istc/ih00401270
13258,ih00401500,horae-gw-corpus.csv,https://gesamtkatalogderwiegendrucke.de/docs/GW13258.htm,https://data.cerl.org/istc/ih00401500
13259,ih00410500,horae-gw-corpus.csv,https://gesamtkatalogderwiegendrucke.de/docs/GW13259.htm,https://data.cerl.org/istc/ih00410500
13260,ih00343500,horae-gw-corpus.csv,https://gesamtkatalogderwiegendrucke.de/docs/GW13260.htm,https://data.cerl.org/istc/ih00343500
13261,ih00341900,horae-gw-corpus.csv,https://gesamtkatalogderwiegendrucke.de/docs/GW13261.htm,https://data.cerl.org/istc/ih00341900
13262,ih00404000,horae-gw-corpus.csv,https://gesamtkatalogderwiegendrucke.de/docs/GW13262.htm,https://data.cerl.org/istc/ih00404000
13263,ih00412000,horae-gw-corpus.csv,https://gesamtkatalogderwiegendrucke.de/docs/GW13263.htm,https://data.cerl.org/istc/ih00412000
13264,ih00359640,horae-gw-corpus.csv,https://gesamtkatalogderwiegendrucke.de/docs/GW13264.htm,https://data.cerl.org/istc/ih00359640
13265,ih00359638,horae-gw-corpus.csv,https://gesamtkatalogderwiegendrucke.de/docs/GW13265.htm,https://data.cerl.org/istc/ih00359638
13266,ih00359642,horae-gw-corpus.csv,https://gesamtkatalogderwiegendrucke.de/docs/GW13266.htm,https://data.cerl.org/istc/ih00359642
13267,ih00359635,horae-gw-corpus.csv,https://gesamtkatalogderwiegendrucke.de/docs/GW13267.htm,https://data.cerl.org/istc/ih00359635
13268,ih00365000,horae-gw-corpus.csv,https://gesamtkatalogderwiegendrucke.de/docs/GW13268.htm,https://data.cerl.org/istc/ih00365000
13269,ih00369000,horae-gw-corpus.csv,https://gesamtkatalogderwiegendrucke.de/docs/GW13269.htm,https://data.cerl.org/istc/ih00369000
13270,ih00339550,horae-gw-corpus.csv,https://gesamtkatalogderwiegendrucke.de/docs/GW13270.htm,https://data.cerl.org/istc/ih00339550
13271,ih00369170,horae-gw-corpus.csv,https://gesamtkatalogderwiegendrucke.de/docs/GW13271.htm,https://data.cerl.org/istc/ih00369170
13272,ih00397300,horae-gw-corpus.csv,https://gesamtkatalogderwiegendrucke.de/docs/GW13272.htm,https://data.cerl.org/istc/ih00397300
13273,ih00393700,horae-gw-corpus.csv,https://gesamtkatalogderwiegendrucke.de/docs/GW13273.htm,https://data.cerl.org/istc/ih00393700
13274,ih00396000,horae-gw-corpus.csv,https://gesamtkatalogderwiegendrucke.de/docs/GW13274.htm,https://data.cerl.org/istc/ih00396000
13275,ih00396500,horae-gw-corpus.csv,https://gesamtkatalogderwiegendrucke.de/docs/GW13275.htm,https://data.cerl.org/istc/ih00396500
13276,ih00401250,horae-gw-corpus.csv,https://gesamtkatalogderwiegendrucke.de/docs/GW13276.htm,https://data.cerl.org/istc/ih00401250
13277,ih00335200,horae-gw-corpus.csv,https://gesamtkatalogderwiegendrucke.de/docs/GW13277.htm,https://data.cerl.org/istc/ih00335200
13278,ih00335270,horae-gw-corpus.csv,https://gesamtkatalogderwiegendrucke.de/docs/GW13278.htm,https://data.cerl.org/istc/ih00335270
13279,ih00359800,horae-gw-corpus.csv,https://gesamtkatalogderwiegendrucke.de/docs/GW13279.htm,https://data.cerl.org/istc/ih00359800
13280,ih00350400,horae-gw-corpus.csv,https://gesamtkatalogderwiegendrucke.de/docs/GW13280.htm,https://data.cerl.org/istc/ih00350400
13281,ih00357085,horae-gw-corpus.csv,https://gesamtkatalogderwiegendrucke.de/docs/GW13281.htm,https://data.cerl.org/istc/ih00357085
13282,ih00418000,horae-gw-corpus.csv,https://gesamtkatalogderwiegendrucke.de/docs/GW13282.htm,https://data.cerl.org/istc/ih00418000
13283,ih00427840,horae-gw-corpus.csv,https://gesamtkatalogderwiegendrucke.de/docs/GW13283.htm,https://data.cerl.org/istc/ih00427840
13284,ih00359680,horae-gw-corpus.csv,https://gesamtkatalogderwiegendrucke.de/docs/GW13284.htm,https://data.cerl.org/istc/ih00359680
13285,ih00400000,horae-gw-corpus.csv,https://gesamtkatalogderwiegendrucke.de/docs/GW13285.htm,https://data.cerl.org/istc/ih00400000
13286,ih00408700,horae-gw-corpus.csv,https://gesamtkatalogderwiegendrucke.de/docs/GW13286.htm,https://data.cerl.org/istc/ih00408700
13287,ih00411000,horae-gw-corpus.csv,https://gesamtkatalogderwiegendrucke.de/docs/GW13287.htm,https://data.cerl.org/istc/ih00411000
13288,ih00343450,horae-gw-corpus.csv,https://gesamtkatalogderwiegendrucke.de/docs/GW13288.htm,https://data.cerl.org/istc/ih00343450
13289,ih00359750,horae-gw-corpus.csv,https://gesamtkatalogderwiegendrucke.de/docs/GW13289.htm,https://data.cerl.org/istc/ih00359750
13290,ih00369200,horae-gw-corpus.csv,https://gesamtkatalogderwiegendrucke.de/docs/GW13290.htm,https://data.cerl.org/istc/ih00369200
13291,ih00369400,horae-gw-corpus.csv,https://gesamtkatalogderwiegendrucke.de/docs/GW13291.htm,https://data.cerl.org/istc/ih00369400
13292,ih00369500,horae-gw-corpus.csv,https://gesamtkatalogderwiegendrucke.de/docs/GW13292.htm,https://data.cerl.org/istc/ih00369500
13293,ih00427850,horae-gw-corpus.csv,https://gesamtkatalogderwiegendrucke.de/docs/GW13293.htm,https://data.cerl.org/istc/ih00427850
1329350N,ih00370560,horae-gw-corpus.csv,https://gesamtkatalogderwiegendrucke.de/docs/GW1329350N.htm,https://data.cerl.org/istc/ih00370560
13294,ih00375000,horae-gw-corpus.csv,https://gesamtkatalogderwiegendrucke.de/docs/GW13294.htm,https://data.cerl.org/istc/ih00375000
13295,ih00392450,horae-gw-corpus.csv,https://gesamtkatalogderwiegendrucke.de/docs/GW13295.htm,https://data.cerl.org/istc/ih00392450
13296,ih00364150,horae-gw-corpus.csv,https://gesamtkatalogderwiegendrucke.de/docs/GW13296.htm,https://data.cerl.org/istc/ih00364150
13297,ih00392000,horae-gw-corpus.csv,https://gesamtkatalogderwiegendrucke.de/docs/GW13297.htm,https://data.cerl.org/istc/ih00392000
13298,ih00396550,horae-gw-corpus.csv,https://gesamtkatalogderwiegendrucke.de/docs/GW13298.htm,https://data.cerl.org/istc/ih00396550
13299,ih00425500,horae-gw-corpus.csv,https://gesamtkatalogderwiegendrucke.de/docs/GW13299.htm,https://data.cerl.org/istc/ih00425500
13300,ih00405600,horae-gw-corpus.csv,https://gesamtkatalogderwiegendrucke.de/docs/GW13300.htm,https://data.cerl.org/istc/ih00405600
13301,ih00357000,horae-gw-corpus.csv,https://gesamtkatalogderwiegendrucke.de/docs/GW13301.htm,https://data.cerl.org/istc/ih00357000
13302,ih00343370,horae-gw-corpus.csv,https://gesamtkatalogderwiegendrucke.de/docs/GW13302.htm,https://data.cerl.org/istc/ih00343370
13303,ih00341000,horae-gw-corpus.csv,https://gesamtkatalogderwiegendrucke.de/docs/GW13303.htm,https://data.cerl.org/istc/ih00341000
13304,ih00427893,horae-gw-corpus.csv,https://gesamtkatalogderwiegendrucke.de/docs/GW13304.htm,https://data.cerl.org/istc/ih00427893
13305,ih00376950,horae-gw-corpus.csv,https://gesamtkatalogderwiegendrucke.de/docs/GW13305.htm,https://data.cerl.org/istc/ih00376950
13306,ih00378000,horae-gw-corpus.csv,https://gesamtkatalogderwiegendrucke.de/docs/GW13306.htm,https://data.cerl.org/istc/ih00378000
13307,ih00380000,horae-gw-corpus.csv,https://gesamtkatalogderwiegendrucke.de/docs/GW13307.htm,https://data.cerl.org/istc/ih00380000
13308,ih00392430,horae-gw-corpus.csv,https://gesamtkatalogderwiegendrucke.de/docs/GW13308.htm,https://data.cerl.org/istc/ih00392430
13309,ih00392400,horae-gw-corpus.csv,https://gesamtkatalogderwiegendrucke.de/docs/GW13309.htm,https://data.cerl.org/istc/ih00392400
13310,ih00390000,horae-gw-corpus.csv,https://gesamtkatalogderwiegendrucke.de/docs/GW13310.htm,https://data.cerl.org/istc/ih00390000
13312,ih00393900,horae-gw-corpus.csv,https://gesamtkatalogderwiegendrucke.de/docs/GW13312.htm,https://data.cerl.org/istc/ih00393900
13313,ih00397200,horae-gw-corpus.csv,https://gesamtkatalogderwiegendrucke.de/docs/GW13313.htm,https://data.cerl.org/istc/ih00397200
13314,ih00394000,horae-gw-corpus.csv,https://gesamtkatalogderwiegendrucke.de/docs/GW13314.htm,https://data.cerl.org/istc/ih00394000
13315,ih00408000,horae-gw-corpus.csv,https://gesamtkatalogderwiegendrucke.de/docs/GW13315.htm,https://data.cerl.org/istc/ih00408000
13316,ih00359630,horae-gw-corpus.csv,https://gesamtkatalogderwiegendrucke.de/docs/GW13316.htm,https://data.cerl.org/istc/ih00359630
13317,ih00360500,horae-gw-corpus.csv,https://gesamtkatalogderwiegendrucke.de/docs/GW13317.htm,https://data.cerl.org/istc/ih00360500
13318,ih00410000,horae-gw-corpus.csv,https://gesamtkatalogderwiegendrucke.de/docs/GW13318.htm,https://data.cerl.org/istc/ih00410000
13319,ih00344400,horae-gw-corpus.csv,https://gesamtkatalogderwiegendrucke.de/docs/GW13319.htm,https://data.cerl.org/istc/ih00344400
13320,ih00338300,horae-gw-corpus.csv,https://gesamtkatalogderwiegendrucke.de/docs/GW13320.htm,https://data.cerl.org/istc/ih00338300
13321,ih00420570,horae-gw-corpus.csv,https://gesamtkatalogderwiegendrucke.de/docs/GW13321.htm,https://data.cerl.org/istc/ih00420570
13324,ih00347500,horae-gw-corpus.csv,https://gesamtkatalogderwiegendrucke.de/docs/GW13324.htm,https://data.cerl.org/istc/ih00347500
13325,ih00338000,horae-gw-corpus.csv,https://gesamtkatalogderwiegendrucke.de/docs/GW13325.htm,https://data.cerl.org/istc/ih00338000
13326,ih00427870,horae-gw-corpus.csv,https://gesamtkatalogderwiegendrucke.de/docs/GW13326.htm,https://data.cerl.org/istc/ih00427870
13327,ih00337800,horae-gw-corpus.csv,https://gesamtkatalogderwiegendrucke.de/docs/GW13327.htm,https://data.cerl.org/istc/ih00337800
13328,ih00336100,horae-gw-corpus.csv,https://gesamtkatalogderwiegendrucke.de/docs/GW13328.htm,https://data.cerl.org/istc/ih00336100
13329,ih00357290,horae-gw-corpus.csv,https://gesamtkatalogderwiegendrucke.de/docs/GW13329.htm,https://data.cerl.org/istc/ih00357290
13330,io00049000,horae-gw-corpus.csv,https://gesamtkatalogderwiegendrucke.de/docs/GW13330.htm,https://data.cerl.org/istc/io00049000
13331,ih00357750,horae-gw-corpus.csv,https://gesamtkatalogderwiegendrucke.de/docs/GW13331.htm,https://data.cerl.org/istc/ih00357750
13332,ih00357450,horae-gw-corpus.csv,https://gesamtkatalogderwiegendrucke.de/docs/GW13332.htm,https://data.cerl.org/istc/ih00357450
13333,ih00257280,horae-gw-corpus.csv,https://gesamtkatalogderwiegendrucke.de/docs/GW13333.htm,https://data.cerl.org/istc/ih00257280
13334,ih00357772,horae-gw-corpus.csv,https://gesamtkatalogderwiegendrucke.de/docs/GW13334.htm,https://data.cerl.org/istc/ih00357772
13335,ih00357295,horae-gw-corpus.csv,https://gesamtkatalogderwiegendrucke.de/docs/GW13335.htm,https://data.cerl.org/istc/ih00357295
1333510,ih00357350,horae-gw-corpus.csv,https://gesamtkatalogderwiegendrucke.de/docs/GW1333510.htm,https://data.cerl.org/istc/ih00357350
13336,ih00357297,horae-gw-corpus.csv,https://gesamtkatalogderwiegendrucke.de/docs/GW13336.htm,https://data.cerl.org/istc/ih00357297
13337,ih00357360,horae-gw-corpus.csv,https://gesamtkatalogderwiegendrucke.de/docs/GW13337.htm,https://data.cerl.org/istc/ih00357360
13338,ih00357800,horae-gw-corpus.csv,https://gesamtkatalogderwiegendrucke.de/docs/GW13338.htm,https://data.cerl.org/istc/ih00357800
13339,ih00357850,horae-gw-corpus.csv,https://gesamtkatalogderwiegendrucke.de/docs/GW13339.htm,https://data.cerl.org/istc/ih00357850
13340,ih00357930,horae-gw-corpus.csv,https://gesamtkatalogderwiegendrucke.de/docs/GW13340.htm,https://data.cerl.org/istc/ih00357930
13341,ih00357950,horae-gw-corpus.csv,https://gesamtkatalogderwiegendrucke.de/docs/GW13341.htm,https://data.cerl.org/istc/ih00357950
13342,ih00359643,horae-gw-corpus.csv,https://gesamtkatalogderwiegendrucke.de/docs/GW13342.htm,https://data.cerl.org/istc/ih00359643
13343,ih00364600,horae-gw-corpus.csv,https://gesamtkatalogderwiegendrucke.de/docs/GW13343.htm,https://data.cerl.org/istc/ih00364600
13344,ih00364800,horae-gw-corpus.csv,https://gesamtkatalogderwiegendrucke.de/docs/GW13344.htm,https://data.cerl.org/istc/ih00364800
13345,ih00369700,horae-gw-corpus.csv,https://gesamtkatalogderwiegendrucke.de/docs/GW13345.htm,https://data.cerl.org/istc/ih00369700
13346,ih00377800,horae-gw-corpus.csv,https://gesamtkatalogderwiegendrucke.de/docs/GW13346.htm,https://data.cerl.org/istc/ih00377800
13347,ih00378300,horae-gw-corpus.csv,https://gesamtkatalogderwiegendrucke.de/docs/GW13347.htm,https://data.cerl.org/istc/ih00378300
13348,ih00378400,horae-gw-corpus.csv,https://gesamtkatalogderwiegendrucke.de/docs/GW13348.htm,https://data.cerl.org/istc/ih00378400
13349,ih00393400,horae-gw-corpus.csv,https://gesamtkatalogderwiegendrucke.de/docs/GW13349.htm,https://data.cerl.org/istc/ih00393400
13350,ih00427960,horae-gw-corpus.csv,https://gesamtkatalogderwiegendrucke.de/docs/GW13350.htm,https://data.cerl.org/istc/ih00427960
13351,ih00357200,horae-gw-corpus.csv,https://gesamtkatalogderwiegendrucke.de/docs/GW13351.htm,https://data.cerl.org/istc/ih00357200
13352,ih00357210,horae-gw-corpus.csv,https://gesamtkatalogderwiegendrucke.de/docs/GW13352.htm,https://data.cerl.org/istc/ih00357210
13353,ih00357500,horae-gw-corpus.csv,https://gesamtkatalogderwiegendrucke.de/docs/GW13353.htm,https://data.cerl.org/istc/ih00357500
13354,ih00377550,horae-gw-corpus.csv,https://gesamtkatalogderwiegendrucke.de/docs/GW13354.htm,https://data.cerl.org/istc/ih00377550
13355,ih00357230,horae-gw-corpus.csv,https://gesamtkatalogderwiegendrucke.de/docs/GW13355.htm,https://data.cerl.org/istc/ih00357230
13356,ih00357260,horae-gw-corpus.csv,https://gesamtkatalogderwiegendrucke.de/docs/GW13356.htm,https://data.cerl.org/istc/ih00357260
13357,ih00357270,horae-gw-corpus.csv,https://gesamtkatalogderwiegendrucke.de/docs/GW13357.htm,https://data.cerl.org/istc/ih00357270
13358,ih00357250,horae-gw-corpus.csv,https://gesamtkatalogderwiegendrucke.de/docs/GW13358.htm,https://data.cerl.org/istc/ih00357250
13359,ih00357300,horae-gw-corpus.csv,https://gesamtkatalogderwiegendrucke.de/docs/GW13359.htm,https://data.cerl.org/istc/ih00357300
13360,ih00357340,horae-gw-corpus.csv,https://gesamtkatalogderwiegendrucke.de/docs/GW13360.htm,https://data.cerl.org/istc/ih00357340
13361,ih00357650,horae-gw-corpus.csv,https://gesamtkatalogderwiegendrucke.de/docs/GW13361.htm,https://data.cerl.org/istc/ih00357650
13362,ih00357700,horae-gw-corpus.csv,https://gesamtkatalogderwiegendrucke.de/docs/GW13362.htm,https://data.cerl.org/istc/ih00357700
13363,ih00357740,horae-gw-corpus.csv,https://gesamtkatalogderwiegendrucke.de/docs/GW13363.htm,https://data.cerl.org/istc/ih00357740
13364,ih00357770,horae-gw-corpus.csv,https://gesamtkatalogderwiegendrucke.de/docs/GW13364.htm,https://data.cerl.org/istc/ih00357770
13365,ih00357780,horae-gw-corpus.csv,https://gesamtkatalogderwiegendrucke.de/docs/GW13365.htm,https://data.cerl.org/istc/ih00357780
13366,ih00357773,horae-gw-corpus.csv,https://gesamtkatalogderwiegendrucke.de/docs/GW13366.htm,https://data.cerl.org/istc/ih00357773
13367,ib00939000,horae-gw-corpus.csv,https://gesamtkatalogderwiegendrucke.de/docs/GW13367.htm,https://data.cerl.org/istc/ib00939000
13368,ih00359730,horae-gw-corpus.csv,https://gesamtkatalogderwiegendrucke.de/docs/GW13368.htm,https://data.cerl.org/istc/ih00359730
13369,ih00361500,horae-gw-corpus.csv,https://gesamtkatalogderwiegendrucke.de/docs/GW13369.htm,https://data.cerl.org/istc/ih00361500
13370,ih00366400,horae-gw-corpus.csv,https://gesamtkatalogderwiegendrucke.de/docs/GW13370.htm,https://data.cerl.org/istc/ih00366400
13371,ih00365300,horae-gw-corpus.csv,https://gesamtkatalogderwiegendrucke.de/docs/GW13371.htm,https://data.cerl.org/istc/ih00365300
13372,ih00369350,horae-gw-corpus.csv,https://gesamtkatalogderwiegendrucke.de/docs/GW13372.htm,https://data.cerl.org/istc/ih00369350
13373,ih00370300,horae-gw-corpus.csv,https://gesamtkatalogderwiegendrucke.de/docs/GW13373.htm,https://data.cerl.org/istc/ih00370300
13374,ih00370950,horae-gw-corpus.csv,https://gesamtkatalogderwiegendrucke.de/docs/GW13374.htm,https://data.cerl.org/istc/ih00370950
13375,ih00375500,horae-gw-corpus.csv,https://gesamtkatalogderwiegendrucke.de/docs/GW13375.htm,https://data.cerl.org/istc/ih00375500
13376,ih00373300,horae-gw-corpus.csv,https://gesamtkatalogderwiegendrucke.de/docs/GW13376.htm,https://data.cerl.org/istc/ih00373300
13377,ih00420440,horae-gw-corpus.csv,https://gesamtkatalogderwiegendrucke.de/docs/GW13377.htm,https://data.cerl.org/istc/ih00420440
13378,ih00374500,horae-gw-corpus.csv,https://gesamtkatalogderwiegendrucke.de/docs/GW13378.htm,https://data.cerl.org/istc/ih00374500
13379,ih00377300,horae-gw-corpus.csv,https://gesamtkatalogderwiegendrucke.de/docs/GW13379.htm,https://data.cerl.org/istc/ih00377300
13380,ih00419500,horae-gw-corpus.csv,https://gesamtkatalogderwiegendrucke.de/docs/GW13380.htm,https://data.cerl.org/istc/ih00419500
13381,ih00378700,horae-gw-corpus.csv,https://gesamtkatalogderwiegendrucke.de/docs/GW13381.htm,https://data.cerl.org/istc/ih00378700
13382,ih00379100,horae-gw-corpus.csv,https://gesamtkatalogderwiegendrucke.de/docs/GW13382.htm,https://data.cerl.org/istc/ih00379100
13383,ih00383200,horae-gw-corpus.csv,https://gesamtkatalogderwiegendrucke.de/docs/GW13383.htm,https://data.cerl.org/istc/ih00383200
13384,ih00388800,horae-gw-corpus.csv,https://gesamtkatalogderwiegendrucke.de/docs/GW13384.htm,https://data.cerl.org/istc/ih00388800
13385,ih00389500,horae-gw-corpus.csv,https://gesamtkatalogderwiegendrucke.de/docs/GW13385.htm,https://data.cerl.org/istc/ih00389500
13386,ic00790000,horae-gw-corpus.csv,https://gesamtkatalogderwiegendrucke.de/docs/GW13386.htm,https://data.cerl.org/istc/ic00790000
13387,ih00395500,horae-gw-corpus.csv,https://gesamtkatalogderwiegendrucke.de/docs/GW13387.htm,https://data.cerl.org/istc/ih00395500
13388,ih00399800,horae-gw-corpus.csv,https://gesamtkatalogderwiegendrucke.de/docs/GW13388.htm,https://data.cerl.org/istc/ih00399800
1338820N,ih00357370,horae-gw-corpus.csv,https://gesamtkatalogderwiegendrucke.de/docs/GW1338820N.htm,https://data.cerl.org/istc/ih00357370
13389,ih00357600,horae-gw-corpus.csv,https://gesamtkatalogderwiegendrucke.de/docs/GW13389.htm,https://data.cerl.org/istc/ih00357600
13390,io00030200,horae-gw-corpus.csv,https://gesamtkatalogderwiegendrucke.de/docs/GW13390.htm,https://data.cerl.org/istc/io00030200
13391,ic00788150,horae-gw-corpus.csv,https://gesamtkatalogderwiegendrucke.de/docs/GW13391.htm,https://data.cerl.org/istc/ic00788150
13392,ic00788300,horae-gw-corpus.csv,https://gesamtkatalogderwiegendrucke.de/docs/GW13392.htm,https://data.cerl.org/istc/ic00788300
13393,ic00788450,horae-gw-corpus.csv,https://gesamtkatalogderwiegendrucke.de/docs/GW13393.htm,https://data.cerl.org/istc/ic00788450
13394,ic00788600,horae-gw-corpus.csv,https://gesamtkatalogderwiegendrucke.de/docs/GW13394.htm,https://data.cerl.org/istc/ic00788600
13395,io00048800,horae-gw-corpus.csv,https://gesamtkatalogderwiegendrucke.de/docs/GW13395.htm,https://data.cerl.org/istc/io00048800
13396,ih00391000,horae-gw-corpus.csv,https://gesamtkatalogderwiegendrucke.de/docs/GW13396.htm,https://data.cerl.org/istc/ih00391000
13397,ih00378250,horae-gw-corpus.csv,https://gesamtkatalogderwiegendrucke.de/docs/GW13397.htm,https://data.cerl.org/istc/ih00378250
13398,ih00426450,horae-gw-corpus.csv,https://gesamtkatalogderwiegendrucke.de/docs/GW13398.htm,https://data.cerl.org/istc/ih00426450
13399,ih00358500,horae-gw-corpus.csv,https://gesamtkatalogderwiegendrucke.de/docs/GW13399.htm,https://data.cerl.org/istc/ih00358500
13400,ih00358600,horae-gw-corpus.csv,https://gesamtkatalogderwiegendrucke.de/docs/GW13400.htm,https://data.cerl.org/istc/ih00358600
13401,ih00362000,horae-gw-corpus.csv,https://gesamtkatalogderwiegendrucke.de/docs/GW13401.htm,https://data.cerl.org/istc/ih00362000
13402,ih00420430,horae-gw-corpus.csv,https://gesamtkatalogderwiegendrucke.de/docs/GW13402.htm,https://data.cerl.org/istc/ih00420430
13403,ih00370100,horae-gw-corpus.csv,https://gesamtkatalogderwiegendrucke.de/docs/GW13403.htm,https://data.cerl.org/istc/ih00370100
13403,ih00427000,horae-gw-corpus.csv,https://gesamtkatalogderwiegendrucke.de/docs/GW13403.htm,https://data.cerl.org/istc/ih00427000
13403,ih00427100,horae-gw-corpus.csv,https://gesamtkatalogderwiegendrucke.de/docs/GW13403.htm,https://data.cerl.org/istc/ih00427100
13404,ih00376500,horae-gw-corpus.csv,https://gesamtkatalogderwiegendrucke.de/docs/GW13404.htm,https://data.cerl.org/istc/ih00376500
13404,ih00427500,horae-gw-corpus.csv,https://gesamtkatalogderwiegendrucke.de/docs/GW13404.htm,https://data.cerl.org/istc/ih00427500
13405,ih00345000,horae-gw-corpus.csv,https://gesamtkatalogderwiegendrucke.de/docs/GW13405.htm,https://data.cerl.org/istc/ih00345000
13406,ih00427540,horae-gw-corpus.csv,https://gesamtkatalogderwiegendrucke.de/docs/GW13406.htm,https://data.cerl.org/istc/ih00427540
13407,ih00420000,horae-gw-corpus.csv,https://gesamtkatalogderwiegendrucke.de/docs/GW13407.htm,https://data.cerl.org/istc/ih00420000
13408,ih00357298,horae-gw-corpus.csv,https://gesamtkatalogderwiegendrucke.de/docs/GW13408.htm,https://data.cerl.org/istc/ih00357298
13409,ih00392130,horae-gw-corpus.csv,https://gesamtkatalogderwiegendrucke.de/docs/GW13409.htm,https://data.cerl.org/istc/ih00392130
13410,ih00427900,horae-gw-corpus.csv,https://gesamtkatalogderwiegendrucke.de/docs/GW13410.htm,https://data.cerl.org/istc/ih00427900
13411,ik00000900,horae-gw-corpus.csv,https://gesamtkatalogderwiegendrucke.de/docs/GW13411.htm,https://data.cerl.org/istc/ik00000900
13412,ih00427930,horae-gw-corpus.csv,https://gesamtkatalogderwiegendrucke.de/docs/GW13412.htm,https://data.cerl.org/istc/ih00427930
13413,ih00426500,horae-gw-corpus.csv,https://gesamtkatalogderwiegendrucke.de/docs/GW13413.htm,https://data.cerl.org/istc/ih00426500
13414,ih00427950,horae-gw-corpus.csv,https://gesamtkatalogderwiegendrucke.de/docs/GW13414.htm,https://data.cerl.org/istc/ih00427950
13415,ih00437000,horae-gw-corpus.csv,https://gesamtkatalogderwiegendrucke.de/docs/GW13415.htm,https://data.cerl.org/istc/ih00437000
13416,ih00427970,horae-gw-corpus.csv,https://gesamtkatalogderwiegendrucke.de/docs/GW13416.htm,https://data.cerl.org/istc/ih00427970
13417,ih00430300,horae-gw-corpus.csv,https://gesamtkatalogderwiegendrucke.de/docs/GW13417.htm,https://data.cerl.org/istc/ih00430300
13418,ih00430400,horae-gw-corpus.csv,https://gesamtkatalogderwiegendrucke.de/docs/GW13418.htm,https://data.cerl.org/istc/ih00430400
13419,ih00430450,horae-gw-corpus.csv,https://gesamtkatalogderwiegendrucke.de/docs/GW13419.htm,https://data.cerl.org/istc/ih00430450
13420,ih00431100,horae-gw-corpus.csv,https://gesamtkatalogderwiegendrucke.de/docs/GW13420.htm,https://data.cerl.org/istc/ih00431100
13421,ih00431000,horae-gw-corpus.csv,https://gesamtkatalogderwiegendrucke.de/docs/GW13421.htm,https://data.cerl.org/istc/ih00431000
13422,ih00432000,horae-gw-corpus.csv,https://gesamtkatalogderwiegendrucke.de/docs/GW13422.htm,https://data.cerl.org/istc/ih00432000
13423,ih00429400,horae-gw-corpus.csv,https://gesamtkatalogderwiegendrucke.de/docs/GW13423.htm,https://data.cerl.org/istc/ih00429400
13424,ih00429300,horae-gw-corpus.csv,https://gesamtkatalogderwiegendrucke.de/docs/GW13424.htm,https://data.cerl.org/istc/ih00429300
13425,ih00430000,horae-gw-corpus.csv,https://gesamtkatalogderwiegendrucke.de/docs/GW13425.htm,https://data.cerl.org/istc/ih00430000
13426,ih00430200,horae-gw-corpus.csv,https://gesamtkatalogderwiegendrucke.de/docs/GW13426.htm,https://data.cerl.org/istc/ih00430200
13427,ih00432400,horae-gw-corpus.csv,https://gesamtkatalogderwiegendrucke.de/docs/GW13427.htm,https://data.cerl.org/istc/ih00432400
13428,ih00432600,horae-gw-corpus.csv,https://gesamtkatalogderwiegendrucke.de/docs/GW13428.htm,https://data.cerl.org/istc/ih00432600
13429,ih00427750,horae-gw-corpus.csv,https://gesamtkatalogderwiegendrucke.de/docs/GW13429.htm,https://data.cerl.org/istc/ih00427750
13430,ih00430100,horae-gw-corpus.csv,https://gesamtkatalogderwiegendrucke.de/docs/GW13430.htm,https://data.cerl.org/istc/ih00430100
13431,ih00430150,horae-gw-corpus.csv,https://gesamtkatalogderwiegendrucke.de/docs/GW13431.htm,https://data.cerl.org/istc/ih00430150
13432,ih00430500,horae-gw-corpus.csv,https://gesamtkatalogderwiegendrucke.de/docs/GW13432.htm,https://data.cerl.org/istc/ih00430500
13432,ih00430600,horae-gw-corpus.csv,https://gesamtkatalogderwiegendrucke.de/docs/GW13432.htm,https://data.cerl.org/istc/ih00430600
13433,ih00431300,horae-gw-corpus.csv,https://gesamtkatalogderwiegendrucke.de/docs/GW13433.htm,https://data.cerl.org/istc/ih00431300
13434,ih00432500,horae-gw-corpus.csv,https://gesamtkatalogderwiegendrucke.de/docs/GW13434.htm,https://data.cerl.org/istc/ih00432500
13435,ih00433100,horae-gw-corpus.csv,https://gesamtkatalogderwiegendrucke.de/docs/GW13435.htm,https://data.cerl.org/istc/ih00433100
13436,ih00431500,horae-gw-corpus.csv,https://gesamtkatalogderwiegendrucke.de/docs/GW13436.htm,https://data.cerl.org/istc/ih00431500
13437,ih00431200,horae-gw-corpus.csv,https://gesamtkatalogderwiegendrucke.de/docs/GW13437.htm,https://data.cerl.org/istc/ih00431200
13438,ih00431400,horae-gw-corpus.csv,https://gesamtkatalogderwiegendrucke.de/docs/GW13438.htm,https://data.cerl.org/istc/ih00431400
13441,ih00427965,horae-gw-corpus.csv,https://gesamtkatalogderwiegendrucke.de/docs/GW13441.htm,https://data.cerl.org/istc/ih00427965
13442,ih00357880,horae-gw-corpus.csv,https://gesamtkatalogderwiegendrucke.de/docs/GW13442.htm,https://data.cerl.org/istc/ih00357880
13443,ih00438000,horae-gw-corpus.csv,https://gesamtkatalogderwiegendrucke.de/docs/GW13443.htm,https://data.cerl.org/istc/ih00438000
13444,ih00366800,horae-gw-corpus.csv,https://gesamtkatalogderwiegendrucke.de/docs/GW13444.htm,https://data.cerl.org/istc/ih00366800
13445,ih00399350,horae-gw-corpus.csv,https://gesamtkatalogderwiegendrucke.de/docs/GW13445.htm,https://data.cerl.org/istc/ih00399350
13446,ih00406500,horae-gw-corpus.csv,https://gesamtkatalogderwiegendrucke.de/docs/GW13446.htm,https://data.cerl.org/istc/ih00406500
13447,ih00484300,horae-gw-corpus.csv,https://gesamtkatalogderwiegendrucke.de/docs/GW13447.htm,https://data.cerl.org/istc/ih00484300
13448,ih00345500,horae-gw-corpus.csv,https://gesamtkatalogderwiegendrucke.de/docs/GW13448.htm,https://data.cerl.org/istc/ih00345500
M0484310,io00072600,supplementary-gw-corpus.csv,https://gesamtkatalogderwiegendrucke.de/docs/M0484310.htm,https://data.cerl.org/istc/io00072600
M07711,ih00135000,supplementary-gw-corpus.csv,https://gesamtkatalogderwiegendrucke.de/docs/M07711.htm,https://data.cerl.org/istc/ih00135000
M27155,in00259800,supplementary-gw-corpus.csv,https://gesamtkatalogderwiegendrucke.de/docs/M27155.htm,https://data.cerl.org/istc/in00259800
M27158,in00260000,supplementary-gw-corpus.csv,https://gesamtkatalogderwiegendrucke.de/docs/M27158.htm,https://data.cerl.org/istc/in00260000
M28012,ig00113230,supplementary-gw-corpus.csv,https://gesamtkatalogderwiegendrucke.de/docs/M28012.htm,https://data.cerl.org/istc/ig00113230
M28014,ig00113137,supplementary-gw-corpus.csv,https://gesamtkatalogderwiegendrucke.de/docs/M28014.htm,https://data.cerl.org/istc/ig00113137
M28015,iw00019300,supplementary-gw-corpus.csv,https://gesamtkatalogderwiegendrucke.de/docs/M28015.htm,https://data.cerl.org/istc/iw00019300
M2802830,ig00113300,supplementary-gw-corpus.csv,https://gesamtkatalogderwiegendrucke.de/docs/M2802830.htm,https://data.cerl.org/istc/ig00113300
M28040,ig00113200,supplementary-gw-corpus.csv,https://gesamtkatalogderwiegendrucke.de/docs/M28040.htm,https://data.cerl.org/istc/ig00113200
M28044,io00066000,supplementary-gw-corpus.csv,https://gesamtkatalogderwiegendrucke.de/docs/M28044.htm,https://data.cerl.org/istc/io00066000
M28045,io00068000,supplementary-gw-corpus.csv,https://gesamtkatalogderwiegendrucke.de/docs/M28045.htm,https://data.cerl.org/istc/io00068000
M28046,io00067500,supplementary-gw-corpus.csv,https://gesamtkatalogderwiegendrucke.de/docs/M28046.htm,https://data.cerl.org/istc/io00067500
M2804710,io00067700,supplementary-gw-corpus.csv,https://gesamtkatalogderwiegendrucke.de/docs/M2804710.htm,https://data.cerl.org/istc/io00067700
M28048,io00068600,supplementary-gw-corpus.csv,https://gesamtkatalogderwiegendrucke.de/docs/M28048.htm,https://data.cerl.org/istc/io00068600
M28049,io00069000,supplementary-gw-corpus.csv,https://gesamtkatalogderwiegendrucke.de/docs/M28049.htm,https://data.cerl.org/istc/io00069000
M28050,il00194850,supplementary-gw-corpus.csv,https://gesamtkatalogderwiegendrucke.de/docs/M28050.htm,https://data.cerl.org/istc/il00194850
M28063,io00069500,supplementary-gw-corpus.csv,https://gesamtkatalogderwiegendrucke.de/docs/M28063.htm,https://data.cerl.org/istc/io00069500
M28064,in00221200,supplementary-gw-corpus.csv,https://gesamtkatalogderwiegendrucke.de/docs/M28064.htm,https://data.cerl.org/istc/in00221200
M2806420,io00065980,supplementary-gw-corpus.csv,https://gesamtkatalogderwiegendrucke.de/docs/M2806420.htm,https://data.cerl.org/istc/io00065980
M28065,in00221300,supplementary-gw-corpus.csv,https://gesamtkatalogderwiegendrucke.de/docs/M28065.htm,https://data.cerl.org/istc/in00221300
M38879,ir00320000,supplementary-gw-corpus.csv,https://gesamtkatalogderwiegendrucke.de/docs/M38879.htm,https://data.cerl.org/istc/ir00320000
M38885,ir00318860,supplementary-gw-corpus.csv,https://gesamtkatalogderwiegendrucke.de/docs/M38885.htm,https://data.cerl.org/istc/ir00318860
M38886,ir00318850,supplementary-gw-corpus.csv,https://gesamtkatalogderwiegendrucke.de/docs/M38886.htm,https://data.cerl.org/istc/ir00318850
M38887,ir00318900,supplementary-gw-corpus.csv,https://gesamtkatalogderwiegendrucke.de/docs/M38887.htm,https://data.cerl.org/istc/ir00318900
M3888710,ir00319000,supplementary-gw-corpus.csv,https://gesamtkatalogderwiegendrucke.de/docs/M3888710.htm,https://data.cerl.org/istc/ir00319000
M3888720,ir00318800,supplementary-gw-corpus.csv,https://gesamtkatalogderwiegendrucke.de/docs/M3888720.htm,https://data.cerl.org/istc/ir00318800
M38892,ir00319500,supplementary-gw-corpus.csv,https://gesamtkatalogderwiegendrucke.de/docs/M38892.htm,https://data.cerl.org/istc/ir00319500
M3889210,im00271170,supplementary-gw-corpus.csv,https://gesamtkatalogderwiegendrucke.de/docs/M3889210.htm,https://data.cerl.org/istc/im00271170
M38901,ir00320500,supplementary-gw-corpus.csv,https://gesamtkatalogderwiegendrucke.de/docs/M38901.htm,https://data.cerl.org/istc/ir00320500
M38907,ip01049460,supplementary-gw-corpus.csv,https://gesamtkatalogderwiegendrucke.de/docs/M38907.htm,https://data.cerl.org/istc/ip01049460
M38911,is00687000,supplementary-gw-corpus.csv,https://gesamtkatalogderwiegendrucke.de/docs/M38911.htm,https://data.cerl.org/istc/is00687000
M38912,ir00321670,supplementary-gw-corpus.csv,https://gesamtkatalogderwiegendrucke.de/docs/M38912.htm,https://data.cerl.org/istc/ir00321670
M38913,ir00321000,supplementary-gw-corpus.csv,https://gesamtkatalogderwiegendrucke.de/docs/M38913.htm,https://data.cerl.org/istc/ir00321000
M38914,ir00321680,supplementary-gw-corpus.csv,https://gesamtkatalogderwiegendrucke.de/docs/M38914.htm,https://data.cerl.org/istc/ir00321680
M38915,ir00321610,supplementary-gw-corpus.csv,https://gesamtkatalogderwiegendrucke.de/docs/M38915.htm,https://data.cerl.org/istc/ir00321610
M38916,ir00321600,supplementary-gw-corpus.csv,https://gesamtkatalogderwiegendrucke.de/docs/M38916.htm,https://data.cerl.org/istc/ir00321600
M38918,ir00321500,supplementary-gw-corpus.csv,https://gesamtkatalogderwiegendrucke.de/docs/M38918.htm,https://data.cerl.org/istc/ir00321500
M38920,ir00321630,supplementary-gw-corpus.csv,https://gesamtkatalogderwiegendrucke.de/docs/M38920.htm,https://data.cerl.org/istc/ir00321630
M38921,ir00321700,supplementary-gw-corpus.csv,https://gesamtkatalogderwiegendrucke.de/docs/M38921.htm,https://data.cerl.org/istc/ir00321700
M38924,ib00938600,supplementary-gw-corpus.csv,https://gesamtkatalogderwiegendrucke.de/docs/M38924.htm,https://data.cerl.org/istc/ib00938600
M3892910,ip01072200,supplementary-gw-corpus.csv,https://gesamtkatalogderwiegendrucke.de/docs/M3892910.htm,https://data.cerl.org/istc/ip01072200
M38930,ir00318600,supplementary-gw-corpus.csv,https://gesamtkatalogderwiegendrucke.de/docs/M38930.htm,https://data.cerl.org/istc/ir00318600
M3893050,ir00318590,supplementary-gw-corpus.csv,https://gesamtkatalogderwiegendrucke.de/docs/M3893050.htm,https://data.cerl.org/istc/ir00318590
M38932,ir00318700,supplementary-gw-corpus.csv,https://gesamtkatalogderwiegendrucke.de/docs/M38932.htm,https://data.cerl.org/istc/ir00318700
M3918420,ir00359000,supplementary-gw-corpus.csv,https://gesamtkatalogderwiegendrucke.de/docs/M3918420.htm,https://data.cerl.org/istc/ir00359000
M39192,ir00361900,supplementary-gw-corpus.csv,https://gesamtkatalogderwiegendrucke.de/docs/M39192.htm,https://data.cerl.org/istc/ir00361900
M39193,ir00362000,supplementary-gw-corpus.csv,https://gesamtkatalogderwiegendrucke.de/docs/M39193.htm,https://data.cerl.org/istc/ir00362000
M39194,ir00363100,supplementary-gw-corpus.csv,https://gesamtkatalogderwiegendrucke.de/docs/M39194.htm,https://data.cerl.org/istc/ir00363100
M39197,ir00361600,supplementary-gw-corpus.csv,https://gesamtkatalogderwiegendrucke.de/docs/M39197.htm,https://data.cerl.org/istc/ir00361600
M39199,ir00361800,supplementary-gw-corpus.csv,https://gesamtkatalogderwiegendrucke.de/docs/M39199.htm,https://data.cerl.org/istc/ir00361800
M39200,ir00362900,supplementary-gw-corpus.csv,https://gesamtkatalogderwiegendrucke.de/docs/M39200.htm,https://data.cerl.org/istc/ir00362900
M39202,ir00363000,supplementary-gw-corpus.csv,https://gesamtkatalogderwiegendrucke.de/docs/M39202.htm,https://data.cerl.org/istc/ir00363000
M39204,ir00363200,supplementary-gw-corpus.csv,https://gesamtkatalogderwiegendrucke.de/docs/M39204.htm,https://data.cerl.org/istc/ir00363200
M39205,ir00361000,supplementary-gw-corpus.csv,https://gesamtkatalogderwiegendrucke.de/docs/M39205.htm,https://data.cerl.org/istc/ir00361000
M39208,ir00360500,supplementary-gw-corpus.csv,https://gesamtkatalogderwiegendrucke.de/docs/M39208.htm,https://data.cerl.org/istc/ir00360500
M41162,is00366000,supplementary-gw-corpus.csv,https://gesamtkatalogderwiegendrucke.de/docs/M41162.htm,https://data.cerl.org/istc/is00366000
M41163,is00366200,supplementary-gw-corpus.csv,https://gesamtkatalogderwiegendrucke.de/docs/M41163.htm,https://data.cerl.org/istc/is00366200
M41165,is00366300,supplementary-gw-corpus.csv,https://gesamtkatalogderwiegendrucke.de/docs/M41165.htm,https://data.cerl.org/istc/is00366300
M41167,is00364000,supplementary-gw-corpus.csv,https://gesamtkatalogderwiegendrucke.de/docs/M41167.htm,https://data.cerl.org/istc/is00364000
M41170,is00365000,supplementary-gw-corpus.csv,https://gesamtkatalogderwiegendrucke.de/docs/M41170.htm,https://data.cerl.org/istc/is00365000
M41173,is00366250,supplementary-gw-corpus.csv,https://gesamtkatalogderwiegendrucke.de/docs/M41173.htm,https://data.cerl.org/istc/is00366250
M41175,is00362000,supplementary-gw-corpus.csv,https://gesamtkatalogderwiegendrucke.de/docs/M41175.htm,https://data.cerl.org/istc/is00362000
M41177,is00363000,supplementary-gw-corpus.csv,https://gesamtkatalogderwiegendrucke.de/docs/M41177.htm,https://data.cerl.org/istc/is00363000
M41179,is00363500,supplementary-gw-corpus.csv,https://gesamtkatalogderwiegendrucke.de/docs/M41179.htm,https://data.cerl.org/istc/is00363500
XI429A,ih00406550,horae-gw-corpus.csv,https://gesamtkatalogderwiegendrucke.de/docs/GWXI429A.htm,https://data.cerl.org/istc/ih00406550
XI443A,ih00485700,horae-gw-corpus.csv,https://gesamtkatalogderwiegendrucke.de/docs/GWXI443A.htm,https://data.cerl.org/istc/ih00485700
XI468BP,ig00111800,horae-gw-corpus.csv,https://gesamtkatalogderwiegendrucke.de/docs/GWXI468BP.htm,https://data.cerl.org/istc/ig00111800
XI519A,ih00412350,horae-gw-corpus.csv,https://gesamtkatalogderwiegendrucke.de/docs/GWXI519A.htm,https://data.cerl.org/istc/ih00412350
XI553C,ih00425600,horae-gw-corpus.csv,https://gesamtkatalogderwiegendrucke.de/docs/GWXI553C.htm,https://data.cerl.org/istc/ih00425600
XI598A,ih00417200,horae-gw-corpus.csv,https://gesamtkatalogderwiegendrucke.de/docs/GWXI598A.htm,https://data.cerl.org/istc/ih00417200
XI598A,ih00417300,horae-gw-corpus.csv,https://gesamtkatalogderwiegendrucke.de/docs/GWXI598A.htm,https://data.cerl.org/istc/ih00417300
XI598B,ih00401280,horae-gw-corpus.csv,https://gesamtkatalogderwiegendrucke.de/docs/GWXI598B.htm,https://data.cerl.org/istc/ih00401280
XI599A,ih00348200,horae-gw-corpus.csv,https://gesamtkatalogderwiegendrucke.de/docs/GWXI599A.htm,https://data.cerl.org/istc/ih00348200
XI599B,"ih00357020,1",horae-gw-corpus.csv,https://gesamtkatalogderwiegendrucke.de/docs/GWXI599B.htm,"https://data.cerl.org/istc/ih00357020,1"
XI612BP,ih00420620,horae-gw-corpus.csv,https://gesamtkatalogderwiegendrucke.de/docs/GWXI612BP.htm,https://data.cerl.org/istc/ih00420620
XI633A,ih00415000,horae-gw-corpus.csv,https://gesamtkatalogderwiegendrucke.de/docs/GWXI633A.htm,https://data.cerl.org/istc/ih00415000
XI643A,ih00339470,horae-gw-corpus.csv,https://gesamtkatalogderwiegendrucke.de/docs/GWXI643A.htm,https://data.cerl.org/istc/ih00339470
XI643A,ih00427895,horae-gw-corpus.csv,https://gesamtkatalogderwiegendrucke.de/docs/GWXI643A.htm,https://data.cerl.org/istc/ih00427895
XI646A,ih00393100,horae-gw-corpus.csv,https://gesamtkatalogderwiegendrucke.de/docs/GWXI646A.htm,https://data.cerl.org/istc/ih00393100
XI654A,ih00357030,horae-gw-corpus.csv,https://gesamtkatalogderwiegendrucke.de/docs/GWXI654A.htm,https://data.cerl.org/istc/ih00357030
XI655A,ih00412500,horae-gw-corpus.csv,https://gesamtkatalogderwiegendrucke.de/docs/GWXI655A.htm,https://data.cerl.org/istc/ih00412500
XI655BP,ih00408800,horae-gw-corpus.csv,https://gesamtkatalogderwiegendrucke.de/docs/GWXI655BP.htm,https://data.cerl.org/istc/ih00408800
XI693A,ic00790500,horae-gw-corpus.csv,https://gesamtkatalogderwiegendrucke.de/docs/GWXI693A.htm,https://data.cerl.org/istc/ic00790500
