place_occurrence_id,provenance_id,mei_id,place_sequence,name,preferred_placename,geonames_id,geonames_url,latitude,longitude,country,variant_placenames,variant_placename_count,place_note
00559196-p001-loc01,00559196-p001,00559196,1,Cambridge,Cambridge,2653941,https://www.geonames.org/2653941,52.2,0.11667,United Kingdom,케임브리지 | Caergrawnt | Cambridge | Cantabrigia | CBG | GBCMG | Grantanbrycg | Kambrij | Kembric | Kembridža | Kembridžas | Kembriĝo | Kiam-khiâu | Κέμπριτζ | Кеймбридж | Кембридж | Кембриҷ | Кембриџ | Кембрідж | Кембрыдж | კემბრიჯი | Քեմբրիջ | קיימברידג' | كامبريدج | کمبریج | کیمبرج | केंब्रिज | ক্যামব্রিজ | ಕೇಂಬ್ರಿಜ್ | കേംബ്രിഡ്ജ് | เคมบริดจ์ | ကိန်းဘရစ်ချ်မြို့ | ケンブリッジ | 劍橋,34,
00559195-p001-loc01,00559195-p001,00559195,1,Cambridge,Cambridge,2653941,https://www.geonames.org/2653941,52.2,0.11667,United Kingdom,케임브리지 | Caergrawnt | Cambridge | Cantabrigia | CBG | GBCMG | Grantanbrycg | Kambrij | Kembric | Kembridža | Kembridžas | Kembriĝo | Kiam-khiâu | Κέμπριτζ | Кеймбридж | Кембридж | Кембриҷ | Кембриџ | Кембрідж | Кембрыдж | კემბრიჯი | Քեմբրիջ | קיימברידג' | كامبريدج | کمبریج | کیمبرج | केंब्रिज | ক্যামব্রিজ | ಕೇಂಬ್ರಿಜ್ | കേംബ്രിഡ്ജ് | เคมบริดจ์ | ကိန်းဘရစ်ချ်မြို့ | ケンブリッジ | 劍橋,34,
02135612-p001-loc01,02135612-p001,02135612,1,Tübingen,,,,,,,,0,
02138264-p001-loc01,02138264-p001,02138264,1,The Hague,Gemeente Den Haag,2747372,https://www.geonames.org/2747372,52.06866,4.28635,The Netherlands,Den Haag | Gemeente Den Haag | Gemeente ’s-Gravenhage | Leidschenveen | 's-Gravenhage | ’s-Gravenhage,6,
02138264-p002-loc01,02138264-p002,02138264,1,The Hague,Gemeente Den Haag,2747372,https://www.geonames.org/2747372,52.06866,4.28635,The Netherlands,Den Haag | Gemeente Den Haag | Gemeente ’s-Gravenhage | Leidschenveen | 's-Gravenhage | ’s-Gravenhage,6,
02138264-p003-loc01,02138264-p003,02138264,1,The Hague,Gemeente Den Haag,2747372,https://www.geonames.org/2747372,52.06866,4.28635,The Netherlands,Den Haag | Gemeente Den Haag | Gemeente ’s-Gravenhage | Leidschenveen | 's-Gravenhage | ’s-Gravenhage,6,
02010644-p003-loc01,02010644-p003,02010644,1,London,London,2643743,https://www.geonames.org/2643743,51.50853,-0.12574,United Kingdom,런던 | ᎫᎴ ᏗᏍᎪᏂᎯᏱ | ܠܘܢܕܘܢ | ለንደን | ロンドン | ଲଣ୍ଡନ | ลอนดอน | ລອນດອນ | GBLON | ILondon | Lākana | Landan | Landen | Llundain | Lodoni | LON | Londain | Londar | Londe | Londen | Londin | Londinium | Londn | london | London | Londona | Londonas | Londoni | Londono | Londons | Lọndọnu | Londra | Łondra | Londres | Londrez | Londri | Londro | Londye | Londyn | Londýn | Lonn | Lontoo | Loundres | Luân Đôn | Lunden | Lundra | Lůndůn | Lundúnir | Lùng-dŭng | Lunnainn | Lunnin | Lunnon | Lûn-tun | Lùn-tûn | Q84 | Rānana | لأندأن | لندن | لەندەن | لوندون | לאנדאן | לונדון | Λονδίνο | Лёндан | Лондан | Лондон | Лондон ош | Лондонъ | ལོན་ཊོན། | Լոնդոն | Լոնտոն | ლონდონი | लण्डन | लन्डन् | लन्दन | लंडन | लंदन | લંડન | లండన్ | ਲੰਡਨ | ಲಂಡನ್ | இலண்டன் | ലണ്ടൻ | লন্ডন | လန်ဒန်မြို့ | ලන්ඩන් | 伦敦 | 倫敦,88,
02010644-p004-loc01,02010644-p004,02010644,1,London,London,2643743,https://www.geonames.org/2643743,51.50853,-0.12574,United Kingdom,런던 | ᎫᎴ ᏗᏍᎪᏂᎯᏱ | ܠܘܢܕܘܢ | ለንደን | ロンドン | ଲଣ୍ଡନ | ลอนดอน | ລອນດອນ | GBLON | ILondon | Lākana | Landan | Landen | Llundain | Lodoni | LON | Londain | Londar | Londe | Londen | Londin | Londinium | Londn | london | London | Londona | Londonas | Londoni | Londono | Londons | Lọndọnu | Londra | Łondra | Londres | Londrez | Londri | Londro | Londye | Londyn | Londýn | Lonn | Lontoo | Loundres | Luân Đôn | Lunden | Lundra | Lůndůn | Lundúnir | Lùng-dŭng | Lunnainn | Lunnin | Lunnon | Lûn-tun | Lùn-tûn | Q84 | Rānana | لأندأن | لندن | لەندەن | لوندون | לאנדאן | לונדון | Λονδίνο | Лёндан | Лондан | Лондон | Лондон ош | Лондонъ | ལོན་ཊོན། | Լոնդոն | Լոնտոն | ლონდონი | लण्डन | लन्डन् | लन्दन | लंडन | लंदन | લંડન | లండన్ | ਲੰਡਨ | ಲಂಡನ್ | இலண்டன் | ലണ്ടൻ | লন্ডন | လန်ဒန်မြို့ | ලන්ඩන් | 伦敦 | 倫敦,88,
02010644-p005-loc01,02010644-p005,02010644,1,London,London,2643743,https://www.geonames.org/2643743,51.50853,-0.12574,United Kingdom,런던 | ᎫᎴ ᏗᏍᎪᏂᎯᏱ | ܠܘܢܕܘܢ | ለንደን | ロンドン | ଲଣ୍ଡନ | ลอนดอน | ລອນດອນ | GBLON | ILondon | Lākana | Landan | Landen | Llundain | Lodoni | LON | Londain | Londar | Londe | Londen | Londin | Londinium | Londn | london | London | Londona | Londonas | Londoni | Londono | Londons | Lọndọnu | Londra | Łondra | Londres | Londrez | Londri | Londro | Londye | Londyn | Londýn | Lonn | Lontoo | Loundres | Luân Đôn | Lunden | Lundra | Lůndůn | Lundúnir | Lùng-dŭng | Lunnainn | Lunnin | Lunnon | Lûn-tun | Lùn-tûn | Q84 | Rānana | لأندأن | لندن | لەندەن | لوندون | לאנדאן | לונדון | Λονδίνο | Лёндан | Лондан | Лондон | Лондон ош | Лондонъ | ལོན་ཊོན། | Լոնդոն | Լոնտոն | ლონდონი | लण्डन | लन्डन् | लन्दन | लंडन | लंदन | લંડન | లండన్ | ਲੰਡਨ | ಲಂಡನ್ | இலண்டன் | ലണ്ടൻ | লন্ডন | လန်ဒန်မြို့ | ලන්ඩන් | 伦敦 | 倫敦,88,
02010644-p006-loc01,02010644-p006,02010644,1,Cambridge,Cambridge,2653941,https://www.geonames.org/2653941,52.2,0.11667,United Kingdom,케임브리지 | Caergrawnt | Cambridge | Cantabrigia | CBG | GBCMG | Grantanbrycg | Kambrij | Kembric | Kembridža | Kembridžas | Kembriĝo | Kiam-khiâu | Κέμπριτζ | Кеймбридж | Кембридж | Кембриҷ | Кембриџ | Кембрідж | Кембрыдж | კემბრიჯი | Քեմբրիջ | קיימברידג' | كامبريدج | کمبریج | کیمبرج | केंब्रिज | ক্যামব্রিজ | ಕೇಂಬ್ರಿಜ್ | കേംബ്രിഡ്ജ് | เคมบริดจ์ | ကိန်းဘရစ်ချ်မြို့ | ケンブリッジ | 劍橋,34,
02010644-p007-loc01,02010644-p007,02010644,1,London,London,2643743,https://www.geonames.org/2643743,51.50853,-0.12574,United Kingdom,런던 | ᎫᎴ ᏗᏍᎪᏂᎯᏱ | ܠܘܢܕܘܢ | ለንደን | ロンドン | ଲଣ୍ଡନ | ลอนดอน | ລອນດອນ | GBLON | ILondon | Lākana | Landan | Landen | Llundain | Lodoni | LON | Londain | Londar | Londe | Londen | Londin | Londinium | Londn | london | London | Londona | Londonas | Londoni | Londono | Londons | Lọndọnu | Londra | Łondra | Londres | Londrez | Londri | Londro | Londye | Londyn | Londýn | Lonn | Lontoo | Loundres | Luân Đôn | Lunden | Lundra | Lůndůn | Lundúnir | Lùng-dŭng | Lunnainn | Lunnin | Lunnon | Lûn-tun | Lùn-tûn | Q84 | Rānana | لأندأن | لندن | لەندەن | لوندون | לאנדאן | לונדון | Λονδίνο | Лёндан | Лондан | Лондон | Лондон ош | Лондонъ | ལོན་ཊོན། | Լոնդոն | Լոնտոն | ლონდონი | लण्डन | लन्डन् | लन्दन | लंडन | लंदन | લંડન | లండన్ | ਲੰਡਨ | ಲಂಡನ್ | இலண்டன் | ലണ്ടൻ | লন্ডন | လန်ဒန်မြို့ | ලන්ඩන් | 伦敦 | 倫敦,88,
00201811-p002-loc01,00201811-p002,00201811,1,Mantova,Mantova,3174051,https://www.geonames.org/3174051,45.16031,10.79784,Italy,만토바 현 | マントヴァ | ITMAN | Mantoa | Màntoa | Mantoue | Mantova | Mantovës | Mantua | Màntua | Mântua | Mantuako | Mantuana | Mantujas | Mantujos | Màntuva | Mantuya | استان منتووا | صوبہ مانتووا | ضلع مانٹووا | مقاطعة مانتوفا | מנטובה | Μάντοβα | Мантова | Мантуа | Мантуя | Մանտուա | მანტუა | மேன்டுவா | 曼托瓦,30,
02128157-p002-loc01,02128157-p002,02128157,1,Milano,Milan,3173435,https://www.geonames.org/3173435,45.46427,9.18951,Italy,밀라노 | ITMIL | Lungsod ng Milano | Mailand | Mediolan | Mediolanum | MIL | Milà | Milaan | Milan | Milán | Milāna | Milanas | Milano | Miláno | Milánó | Mílanó | Milanu | Milão | Mилан | Милан | Милано | Мілан | მილანი | Միլան | מילאנו | مىلان | ميلانو | মিলান | மிலன் | มิลาน | ミラノ | 米蘭,33,
02128157-p003-loc01,02128157-p003,02128157,1,Milano,Milan,3173435,https://www.geonames.org/3173435,45.46427,9.18951,Italy,밀라노 | ITMIL | Lungsod ng Milano | Mailand | Mediolan | Mediolanum | MIL | Milà | Milaan | Milan | Milán | Milāna | Milanas | Milano | Miláno | Milánó | Mílanó | Milanu | Milão | Mилан | Милан | Милано | Мілан | მილანი | Միլան | מילאנו | مىلان | ميلانو | মিলান | மிலன் | มิลาน | ミラノ | 米蘭,33,
02013740-p002-loc01,02013740-p002,02013740,1,Princeton,Princeton,5102922,https://www.geonames.org/5102922,40.34872,-74.65905,United States,프린스턴 | 08540 | 08541 | 08542 | 08543 | 08544 | PCT | Princes Town | Princeton | Princetonia | Princetown | Prince Town | Prinstona | Q138518 | Stony Brook | USPCT | Принстон | Принстън | პრინსტონი | Փրինսթոն | פרינסטון | برينستون | پرنسٹن، نیو جرسی | پرینستون، نیوجرسی | प्रिन्‍सटन | प्रिन्स्टन | プリンストン | 普林斯顿,28,
02013740-p003-loc01,02013740-p003,02013740,1,Princeton,Princeton,5102922,https://www.geonames.org/5102922,40.34872,-74.65905,United States,프린스턴 | 08540 | 08541 | 08542 | 08543 | 08544 | PCT | Princes Town | Princeton | Princetonia | Princetown | Prince Town | Prinstona | Q138518 | Stony Brook | USPCT | Принстон | Принстън | პრინსტონი | Փրինսթոն | פרינסטון | برينستون | پرنسٹن، نیو جرسی | پرینستون، نیوجرسی | प्रिन्‍सटन | प्रिन्स्टन | プリンストン | 普林斯顿,28,
00559194-p002-loc01,00559194-p002,00559194,1,Cambridge,Cambridge,2653941,https://www.geonames.org/2653941,52.2,0.11667,United Kingdom,케임브리지 | Caergrawnt | Cambridge | Cantabrigia | CBG | GBCMG | Grantanbrycg | Kambrij | Kembric | Kembridža | Kembridžas | Kembriĝo | Kiam-khiâu | Κέμπριτζ | Кеймбридж | Кембридж | Кембриҷ | Кембриџ | Кембрідж | Кембрыдж | კემბრიჯი | Քեմբրիջ | קיימברידג' | كامبريدج | کمبریج | کیمبرج | केंब्रिज | ক্যামব্রিজ | ಕೇಂಬ್ರಿಜ್ | കേംബ്രിഡ്ജ് | เคมบริดจ์ | ကိန်းဘရစ်ချ်မြို့ | ケンブリッジ | 劍橋,34,
00202805-p002-loc01,00202805-p002,00202805,1,Oxford,Oxford,2640729,https://www.geonames.org/2640729,51.75222,-1.25596,United Kingdom,옥스퍼드 | Àth nan Damh | GBOXF | Oksford | Oksforda | Oksfordas | Oksfordo | Oksfuords | Oxenaford | Oxenaforda | Oxenford | OXF | Oxford | Oxnaford | Öxnafurða | Oxneford | Oxonia | Oxónia | Oxônia | Oxonium | Rhedicina | Rhydychen | Rysoghen | Uxavað | Οξφόρδη | Оксфард | Оксфорд | Оқсфорд | ოქსფორდი | אוקספורד | אקספארד | آکسفورد | آکسفورڈ | أكسفورد | اوكسفورد | ऑक्सफर्ड | ऑक्सफोर्ड | অক্সফোর্ড | ਆਕਸਫ਼ੋਰਡ | ஆக்சுபோர்டு | ఆక్స్‌ఫర్డ్ | ಆಕ್ಸ್‌ಫರ್ಡ್ | อ๊อกซฟอร์ด | အောက်စဖို့မြို့ | オックスフォード | 牛津,46,
02152090-p001-loc01,02152090-p001,02152090,1,Switzerland or Germany,Western Europe,9408659,https://www.geonames.org/9408659,50.21909,7.42676,,Europa Occidental | Europa occidentale | Europa Ocidental | Europe de l'Ouest | Vakarų Europa | Western Europe | Westeuropa | West-Europa | Западная Европа | Західна Європа | أوروبا الغربية | 西ヨーロッパ,12,
02152090-p002-loc01,02152090-p002,02152090,1,Switzerland or Germany,Western Europe,9408659,https://www.geonames.org/9408659,50.21909,7.42676,,Europa Occidental | Europa occidentale | Europa Ocidental | Europe de l'Ouest | Vakarų Europa | Western Europe | Westeuropa | West-Europa | Западная Европа | Західна Європа | أوروبا الغربية | 西ヨーロッパ,12,
02152090-p003-loc01,02152090-p003,02152090,1,,England,6269131,https://www.geonames.org/6269131,52.16045,-0.70312,United Kingdom,잉글랜드 | ꯏꯪꯂꯦꯟ | ଇଂଲଣ୍ଡ | ኢንግላንድ | ᱤᱝᱞᱮᱱᱰ | イングランド | អង់គ្លេស | ߊ߲߬ߜ߭ߌ߬ߟߋ߬ߘߎ߰ | އިނގިރޭސިވިލާތް | ປະເທດອັງກິດ | ประเทศอังกฤษ | 𐌰𐌲𐌲𐌹𐌻𐌰𐌻𐌰𐌽𐌳 | Aŋgɩlɩtɛɛrɩ | Anghiltèra | Anglaterra | Anglatèrra | Angletè | Angletera | Angleterre | Anglia | Anglicko | Anglie | Angliétèrre | Anglii | Anglija | Anglio | Angliya | Angliýa | Anglletèrra | Änglound | Anglujo | Anh | Bro-Saoz | Eenglaante | 'Egelani | ‘Enelani | Engalterra | Engelaand | Engeland | Engelane | Engêlanê | Engelska | Enggeleti | Eŋgglõsjânnam | Engla | Englaland | England | Eŋland | Englánda | Englanti | Engleska | Eng-tē | gligu'e | Hagöri | Iengeland | Igiladi | Ilẹ̀gẹ̀ẹ́sì | Ingalaterra | Ingarangi | Ingelân | Ingeland | Ingɛlandi | Ingelun | INgesi | Ĭng-gáik-làng | Inggeris | Ingglan | Ingglaterranhën | Inggréh | Inggris | Inghiltæra | Inghiltera | Inghiltèra | Inghilterra | Ingila | Ingilaandi | INgilandi | ʻIngilani | Îngilistan | İngiltere | İngıltere | İngiltərə | Ingilterra | Ingiriiska | Inglan | Ingland | Inglatera | Inglaterra | Inglatlālpan | Inglismaa | Inglistán | Inglüsmaa | Inglutere | Ingueltière | Ingyatérra | Inlishpampa | Inlispampa | İnqiltərə | Jendźelska | Langlétè | Legliz | Linglän | Lloegr | Ngeretha | Nggi̱lan | Nghiltiera | Ngilandi | Ngreterra | Ngyiresi | Ongland | Onglėjė | Pow Sows | Q21 | Sasainn | Sasana | Sostyn | tho huttha | Uingereza | Yîn-kak-làn | Yngland | إنجلترا | انجلترا | انگلیس | اینگیلیس | انگلستان | اِنگلِستان | انگلينڊ | انګلېنډ | اينگيليس | لينڭليز | ئینگلتەرا | אנגליה | ענגלאנד | Αγγλία | Англи | Англиа | Англие | Англија | Англис | Англия | Англия Мастор | Англія | Анґлія | Енглеска | Ингалс | Ингалсече | Ингилистон | Инглишин Таңһч | Անգլիա | ინგლისი | इङ्गल्यान्ड | इङ्ग्लेण्डदेशः | इङ्ल्याण्ड | इङ्ल्यान्ड | इंग्लैण्ड | इंग्लैंड | इंग्लंड | ઈંગ્લેન્ડ | ఇంగ్లాండ్ | ਇੰਗਲੈਂਡ | ಇಂಗ್ಲೆಂಡ್ | இங்கிலாந்து | ഇംഗ്ലണ്ട് | ইংলেণ্ড | ইংল্যান্ড | မိူင်းဢိင်ႇၵလႅၼ်ႇ | အင်္ဂလန်နိုင်ငံ | အိန်းကလန်ခမ်းထီ | 英倫 | 英格兰 | 英格蘭,171,
02152090-p004-loc01,02152090-p004,02152090,1,,England,6269131,https://www.geonames.org/6269131,52.16045,-0.70312,United Kingdom,잉글랜드 | ꯏꯪꯂꯦꯟ | ଇଂଲଣ୍ଡ | ኢንግላንድ | ᱤᱝᱞᱮᱱᱰ | イングランド | អង់គ្លេស | ߊ߲߬ߜ߭ߌ߬ߟߋ߬ߘߎ߰ | އިނގިރޭސިވިލާތް | ປະເທດອັງກິດ | ประเทศอังกฤษ | 𐌰𐌲𐌲𐌹𐌻𐌰𐌻𐌰𐌽𐌳 | Aŋgɩlɩtɛɛrɩ | Anghiltèra | Anglaterra | Anglatèrra | Angletè | Angletera | Angleterre | Anglia | Anglicko | Anglie | Angliétèrre | Anglii | Anglija | Anglio | Angliya | Angliýa | Anglletèrra | Änglound | Anglujo | Anh | Bro-Saoz | Eenglaante | 'Egelani | ‘Enelani | Engalterra | Engelaand | Engeland | Engelane | Engêlanê | Engelska | Enggeleti | Eŋgglõsjânnam | Engla | Englaland | England | Eŋland | Englánda | Englanti | Engleska | Eng-tē | gligu'e | Hagöri | Iengeland | Igiladi | Ilẹ̀gẹ̀ẹ́sì | Ingalaterra | Ingarangi | Ingelân | Ingeland | Ingɛlandi | Ingelun | INgesi | Ĭng-gáik-làng | Inggeris | Ingglan | Ingglaterranhën | Inggréh | Inggris | Inghiltæra | Inghiltera | Inghiltèra | Inghilterra | Ingila | Ingilaandi | INgilandi | ʻIngilani | Îngilistan | İngiltere | İngıltere | İngiltərə | Ingilterra | Ingiriiska | Inglan | Ingland | Inglatera | Inglaterra | Inglatlālpan | Inglismaa | Inglistán | Inglüsmaa | Inglutere | Ingueltière | Ingyatérra | Inlishpampa | Inlispampa | İnqiltərə | Jendźelska | Langlétè | Legliz | Linglän | Lloegr | Ngeretha | Nggi̱lan | Nghiltiera | Ngilandi | Ngreterra | Ngyiresi | Ongland | Onglėjė | Pow Sows | Q21 | Sasainn | Sasana | Sostyn | tho huttha | Uingereza | Yîn-kak-làn | Yngland | إنجلترا | انجلترا | انگلیس | اینگیلیس | انگلستان | اِنگلِستان | انگلينڊ | انګلېنډ | اينگيليس | لينڭليز | ئینگلتەرا | אנגליה | ענגלאנד | Αγγλία | Англи | Англиа | Англие | Англија | Англис | Англия | Англия Мастор | Англія | Анґлія | Енглеска | Ингалс | Ингалсече | Ингилистон | Инглишин Таңһч | Անգլիա | ინგლისი | इङ्गल्यान्ड | इङ्ग्लेण्डदेशः | इङ्ल्याण्ड | इङ्ल्यान्ड | इंग्लैण्ड | इंग्लैंड | इंग्लंड | ઈંગ્લેન્ડ | ఇంగ్లాండ్ | ਇੰਗਲੈਂਡ | ಇಂಗ್ಲೆಂಡ್ | இங்கிலாந்து | ഇംഗ്ലണ്ട് | ইংলেণ্ড | ইংল্যান্ড | မိူင်းဢိင်ႇၵလႅၼ်ႇ | အင်္ဂလန်နိုင်ငံ | အိန်းကလန်ခမ်းထီ | 英倫 | 英格兰 | 英格蘭,171,
02152090-p005-loc01,02152090-p005,02152090,1,London,London,2643743,https://www.geonames.org/2643743,51.50853,-0.12574,United Kingdom,런던 | ᎫᎴ ᏗᏍᎪᏂᎯᏱ | ܠܘܢܕܘܢ | ለንደን | ロンドン | ଲଣ୍ଡନ | ลอนดอน | ລອນດອນ | GBLON | ILondon | Lākana | Landan | Landen | Llundain | Lodoni | LON | Londain | Londar | Londe | Londen | Londin | Londinium | Londn | london | London | Londona | Londonas | Londoni | Londono | Londons | Lọndọnu | Londra | Łondra | Londres | Londrez | Londri | Londro | Londye | Londyn | Londýn | Lonn | Lontoo | Loundres | Luân Đôn | Lunden | Lundra | Lůndůn | Lundúnir | Lùng-dŭng | Lunnainn | Lunnin | Lunnon | Lûn-tun | Lùn-tûn | Q84 | Rānana | لأندأن | لندن | لەندەن | لوندون | לאנדאן | לונדון | Λονδίνο | Лёндан | Лондан | Лондон | Лондон ош | Лондонъ | ལོན་ཊོན། | Լոնդոն | Լոնտոն | ლონდონი | लण्डन | लन्डन् | लन्दन | लंडन | लंदन | લંડન | లండన్ | ਲੰਡਨ | ಲಂಡನ್ | இலண்டன் | ലണ്ടൻ | লন্ডন | လန်ဒန်မြို့ | ලන්ඩන් | 伦敦 | 倫敦,88,
02152090-p006-loc01,02152090-p006,02152090,1,New York,New York,5128581,https://www.geonames.org/5128581,40.71427,-74.00597,United States,뉴욕 | 뉴욕 시 | 10001 | 10002 | 10003 | 10004 | 10005 | 10006 | 10007 | 10008 | 10009 | 10010 | 10011 | 10012 | 10013 | 10014 | 10016 | 10017 | 10018 | 10019 | 10020 | 10021 | 10022 | 10023 | 10024 | 10025 | 10026 | 10027 | 10028 | 10029 | 10030 | 10031 | 10032 | 10033 | 10034 | 10035 | 10036 | 10037 | 10038 | 10039 | 10040 | 10041 | 10043 | 10044 | 10045 | 10055 | 10060 | 10065 | 10069 | 10080 | 10081 | 10087 | 10090 | 10101 | 10102 | 10103 | 10104 | 10105 | 10106 | 10107 | 10108 | 10109 | 10110 | 10111 | 10112 | 10113 | 10114 | 10115 | 10116 | 10117 | 10118 | 10119 | 10120 | 10121 | 10122 | 10123 | 10124 | 10125 | 10126 | 10128 | 10129 | 10130 | 10131 | 10132 | 10133 | 10138 | 10150 | 10151 | 10152 | 10153 | 10154 | 10155 | 10156 | 10157 | 10158 | 10159 | 10160 | 10161 | 10162 | 10163 | 10164 | 10165 | 10166 | 10167 | 10168 | 10169 | 10170 | 10171 | 10172 | 10173 | 10174 | 10175 | 10176 | 10177 | 10178 | 10179 | 10185 | 10199 | 10203 | 10211 | 10212 | 10213 | 10242 | 10249 | 10256 | 10258 | 10259 | 10260 | 10261 | 10265 | 10268 | 10269 | 10270 | 10271 | 10272 | 10273 | 10274 | 10275 | 10276 | 10277 | 10278 | 10279 | 10280 | 10281 | 10282 | 10285 | 10286 | Aebura | Bandar Raya New York | Big Apple | Cathair Nua-Eabhrac | City of New York | Eabhraig Nuadh | Efrog Newydd | Evrek Nowydh | Ga-no-no | Kanón:no | Kanono | Kota New York | Lungsod ng New York | Nei Yarrick Schtadt | Neu Amsterdam | Neu Jorck | New Amsterdam | New Orange | New Yorc | New York | New York borg | New York-borg | New York City | New Yorke | New York kenti | New York Stad | New Yorku | Niujorkas | Njujork | Nouvelle Yorck | Nouvieau York | Nova Amsterda | Nova Iorque | Nova York | Nova-York | Nòva York | Novjorko | Nov-Jorko | Novum Eboracum | Nowy Jork | Nua-Eabhrac | Nueva York | Ņujorka | Nuova York | NY | NYC | Nýja Jórvík | Nyu York Shehiri | Q60 | Thành phố New York | The Big Apple | USNYC | York Berri | Νέα Υόρκη | Нью-Ёрк | Нью-Йорк | Ню Йорк | Њујорк | Њу Јорк | ნიუ-იორკი | Նիւ Եորք | Նյու Յորք | ניו יארק | ניו־יאָרק | ניו יורק | نيويورك | نیویارک شہر | نیویورک | न्यूयॉर्क | নিউ ইয়র্ক সিটি | நியூயார்க் நகரம் | นครนิวยอร์ก | ニューヨーク | マンハッタン | 紐約 | 紐約市,223,
02152090-p007-loc01,02152090-p007,02152090,1,New York,New York,5128581,https://www.geonames.org/5128581,40.71427,-74.00597,United States,뉴욕 | 뉴욕 시 | 10001 | 10002 | 10003 | 10004 | 10005 | 10006 | 10007 | 10008 | 10009 | 10010 | 10011 | 10012 | 10013 | 10014 | 10016 | 10017 | 10018 | 10019 | 10020 | 10021 | 10022 | 10023 | 10024 | 10025 | 10026 | 10027 | 10028 | 10029 | 10030 | 10031 | 10032 | 10033 | 10034 | 10035 | 10036 | 10037 | 10038 | 10039 | 10040 | 10041 | 10043 | 10044 | 10045 | 10055 | 10060 | 10065 | 10069 | 10080 | 10081 | 10087 | 10090 | 10101 | 10102 | 10103 | 10104 | 10105 | 10106 | 10107 | 10108 | 10109 | 10110 | 10111 | 10112 | 10113 | 10114 | 10115 | 10116 | 10117 | 10118 | 10119 | 10120 | 10121 | 10122 | 10123 | 10124 | 10125 | 10126 | 10128 | 10129 | 10130 | 10131 | 10132 | 10133 | 10138 | 10150 | 10151 | 10152 | 10153 | 10154 | 10155 | 10156 | 10157 | 10158 | 10159 | 10160 | 10161 | 10162 | 10163 | 10164 | 10165 | 10166 | 10167 | 10168 | 10169 | 10170 | 10171 | 10172 | 10173 | 10174 | 10175 | 10176 | 10177 | 10178 | 10179 | 10185 | 10199 | 10203 | 10211 | 10212 | 10213 | 10242 | 10249 | 10256 | 10258 | 10259 | 10260 | 10261 | 10265 | 10268 | 10269 | 10270 | 10271 | 10272 | 10273 | 10274 | 10275 | 10276 | 10277 | 10278 | 10279 | 10280 | 10281 | 10282 | 10285 | 10286 | Aebura | Bandar Raya New York | Big Apple | Cathair Nua-Eabhrac | City of New York | Eabhraig Nuadh | Efrog Newydd | Evrek Nowydh | Ga-no-no | Kanón:no | Kanono | Kota New York | Lungsod ng New York | Nei Yarrick Schtadt | Neu Amsterdam | Neu Jorck | New Amsterdam | New Orange | New Yorc | New York | New York borg | New York-borg | New York City | New Yorke | New York kenti | New York Stad | New Yorku | Niujorkas | Njujork | Nouvelle Yorck | Nouvieau York | Nova Amsterda | Nova Iorque | Nova York | Nova-York | Nòva York | Novjorko | Nov-Jorko | Novum Eboracum | Nowy Jork | Nua-Eabhrac | Nueva York | Ņujorka | Nuova York | NY | NYC | Nýja Jórvík | Nyu York Shehiri | Q60 | Thành phố New York | The Big Apple | USNYC | York Berri | Νέα Υόρκη | Нью-Ёрк | Нью-Йорк | Ню Йорк | Њујорк | Њу Јорк | ნიუ-იორკი | Նիւ Եորք | Նյու Յորք | ניו יארק | ניו־יאָרק | ניו יורק | نيويورك | نیویارک شہر | نیویورک | न्यूयॉर्क | নিউ ইয়র্ক সিটি | நியூயார்க் நகரம் | นครนิวยอร์ก | ニューヨーク | マンハッタン | 紐約 | 紐約市,223,
02152090-p008-loc01,02152090-p008,02152090,1,"Williamstown, MA",Williamstown,4955786,https://www.geonames.org/4955786,42.71202,-73.20372,United States,윌리엄스타운 | 01267 | USWMS | Williamstown | Williamstown (Massachusetts) | Willimston | Вилијамстаун | Виллиамстаун | Уилямстаун | ولیمزٹاؤن، میساچوسٹس | ويليامزتاون | ویلیامزتاون، ماساچوست | 威廉斯敦,13,
02133844-p001-loc01,02133844-p001,02133844,1,Solothurn,Solothurn,2658564,https://www.geonames.org/2658564,47.20791,7.53714,Switzerland,졸로투른 | ゾロトゥルン | โซโลทูร์น | 4500 | Soletta | Soleura | Soleure | Solloturni | Solodurum | Solothurn | Soloturn | Soloturno | Solura | Suleta | ZKS | Zoloturnas | سولوتورن | זולותורן | Залатурн | Золотурн | ზოლოთურნი | 索洛图恩,22,
02133844-p002-loc01,02133844-p002,02133844,1,Luzern,Lucerne,2659811,https://www.geonames.org/2659811,47.05048,8.30635,Switzerland,루체른 | ルツェルン | 6000 | 6003 | 6004 | 6005 | 6006 | 6014 | Canton Lucerne | CHLUC | Liucerna | Lucern | Lucerna | Lucerne | Lucerni | Lucerno | Łuxerna | Luzern | Luzerna | Lüzerna | لوسرن | לוצערן | לוצרן | Λουκέρνη | Луцерн | Люцерн | Люцэрн | ལུ་ཛེར་ན། | ლუცერნი | लुत्सर्न | 卢塞恩,31,
02133844-p003-loc01,02133844-p003,02133844,1,Solothurn,Solothurn,2658564,https://www.geonames.org/2658564,47.20791,7.53714,Switzerland,졸로투른 | ゾロトゥルン | โซโลทูร์น | 4500 | Soletta | Soleura | Soleure | Solloturni | Solodurum | Solothurn | Soloturn | Soloturno | Solura | Suleta | ZKS | Zoloturnas | سولوتورن | זולותורן | Залатурн | Золотурн | ზოლოთურნი | 索洛图恩,22,
02133844-p004-loc01,02133844-p004,02133844,1,Solothurn,Solothurn,2658564,https://www.geonames.org/2658564,47.20791,7.53714,Switzerland,졸로투른 | ゾロトゥルン | โซโลทูร์น | 4500 | Soletta | Soleura | Soleure | Solloturni | Solodurum | Solothurn | Soloturn | Soloturno | Solura | Suleta | ZKS | Zoloturnas | سولوتورن | זולותורן | Залатурн | Золотурн | ზოლოთურნი | 索洛图恩,22,
02133844-p005-loc01,02133844-p005,02133844,1,Solothurn,Solothurn,2658564,https://www.geonames.org/2658564,47.20791,7.53714,Switzerland,졸로투른 | ゾロトゥルン | โซโลทูร์น | 4500 | Soletta | Soleura | Soleure | Solloturni | Solodurum | Solothurn | Soloturn | Soloturno | Solura | Suleta | ZKS | Zoloturnas | سولوتورن | זולותורן | Залатурн | Золотурн | ზოლოთურნი | 索洛图恩,22,
00559198-p004-loc01,00559198-p004,00559198,1,Cambridge,Cambridge,2653941,https://www.geonames.org/2653941,52.2,0.11667,United Kingdom,케임브리지 | Caergrawnt | Cambridge | Cantabrigia | CBG | GBCMG | Grantanbrycg | Kambrij | Kembric | Kembridža | Kembridžas | Kembriĝo | Kiam-khiâu | Κέμπριτζ | Кеймбридж | Кембридж | Кембриҷ | Кембриџ | Кембрідж | Кембрыдж | კემბრიჯი | Քեմբրիջ | קיימברידג' | كامبريدج | کمبریج | کیمبرج | केंब्रिज | ক্যামব্রিজ | ಕೇಂಬ್ರಿಜ್ | കേംബ്രിഡ്ജ് | เคมบริดจ์ | ကိန်းဘရစ်ချ်မြို့ | ケンブリッジ | 劍橋,34,
02010646-p004-loc01,02010646-p004,02010646,1,London,London,2643743,https://www.geonames.org/2643743,51.50853,-0.12574,United Kingdom,런던 | ᎫᎴ ᏗᏍᎪᏂᎯᏱ | ܠܘܢܕܘܢ | ለንደን | ロンドン | ଲଣ୍ଡନ | ลอนดอน | ລອນດອນ | GBLON | ILondon | Lākana | Landan | Landen | Llundain | Lodoni | LON | Londain | Londar | Londe | Londen | Londin | Londinium | Londn | london | London | Londona | Londonas | Londoni | Londono | Londons | Lọndọnu | Londra | Łondra | Londres | Londrez | Londri | Londro | Londye | Londyn | Londýn | Lonn | Lontoo | Loundres | Luân Đôn | Lunden | Lundra | Lůndůn | Lundúnir | Lùng-dŭng | Lunnainn | Lunnin | Lunnon | Lûn-tun | Lùn-tûn | Q84 | Rānana | لأندأن | لندن | لەندەن | لوندون | לאנדאן | לונדון | Λονδίνο | Лёндан | Лондан | Лондон | Лондон ош | Лондонъ | ལོན་ཊོན། | Լոնդոն | Լոնտոն | ლონდონი | लण्डन | लन्डन् | लन्दन | लंडन | लंदन | લંડન | లండన్ | ਲੰਡਨ | ಲಂಡನ್ | இலண்டன் | ലണ്ടൻ | লন্ডন | လန်ဒန်မြို့ | ලන්ඩන් | 伦敦 | 倫敦,88,
02010646-p005-loc01,02010646-p005,02010646,1,London,London,2643743,https://www.geonames.org/2643743,51.50853,-0.12574,United Kingdom,런던 | ᎫᎴ ᏗᏍᎪᏂᎯᏱ | ܠܘܢܕܘܢ | ለንደን | ロンドン | ଲଣ୍ଡନ | ลอนดอน | ລອນດອນ | GBLON | ILondon | Lākana | Landan | Landen | Llundain | Lodoni | LON | Londain | Londar | Londe | Londen | Londin | Londinium | Londn | london | London | Londona | Londonas | Londoni | Londono | Londons | Lọndọnu | Londra | Łondra | Londres | Londrez | Londri | Londro | Londye | Londyn | Londýn | Lonn | Lontoo | Loundres | Luân Đôn | Lunden | Lundra | Lůndůn | Lundúnir | Lùng-dŭng | Lunnainn | Lunnin | Lunnon | Lûn-tun | Lùn-tûn | Q84 | Rānana | لأندأن | لندن | لەندەن | لوندون | לאנדאן | לונדון | Λονδίνο | Лёндан | Лондан | Лондон | Лондон ош | Лондонъ | ལོན་ཊོན། | Լոնդոն | Լոնտոն | ლონდონი | लण्डन | लन्डन् | लन्दन | लंडन | लंदन | લંડન | లండన్ | ਲੰਡਨ | ಲಂಡನ್ | இலண்டன் | ലണ്ടൻ | লন্ডন | လန်ဒန်မြို့ | ලන්ඩන් | 伦敦 | 倫敦,88,
02010646-p006-loc01,02010646-p006,02010646,1,London,London,2643743,https://www.geonames.org/2643743,51.50853,-0.12574,United Kingdom,런던 | ᎫᎴ ᏗᏍᎪᏂᎯᏱ | ܠܘܢܕܘܢ | ለንደን | ロンドン | ଲଣ୍ଡନ | ลอนดอน | ລອນດອນ | GBLON | ILondon | Lākana | Landan | Landen | Llundain | Lodoni | LON | Londain | Londar | Londe | Londen | Londin | Londinium | Londn | london | London | Londona | Londonas | Londoni | Londono | Londons | Lọndọnu | Londra | Łondra | Londres | Londrez | Londri | Londro | Londye | Londyn | Londýn | Lonn | Lontoo | Loundres | Luân Đôn | Lunden | Lundra | Lůndůn | Lundúnir | Lùng-dŭng | Lunnainn | Lunnin | Lunnon | Lûn-tun | Lùn-tûn | Q84 | Rānana | لأندأن | لندن | لەندەن | لوندون | לאנדאן | לונדון | Λονδίνο | Лёндан | Лондан | Лондон | Лондон ош | Лондонъ | ལོན་ཊོན། | Լոնդոն | Լոնտոն | ლონდონი | लण्डन | लन्डन् | लन्दन | लंडन | लंदन | લંડન | లండన్ | ਲੰਡਨ | ಲಂಡನ್ | இலண்டன் | ലണ്ടൻ | লন্ডন | လန်ဒန်မြို့ | ලන්ඩන් | 伦敦 | 倫敦,88,
02010646-p007-loc01,02010646-p007,02010646,1,Cambridge,Cambridge,2653941,https://www.geonames.org/2653941,52.2,0.11667,United Kingdom,케임브리지 | Caergrawnt | Cambridge | Cantabrigia | CBG | GBCMG | Grantanbrycg | Kambrij | Kembric | Kembridža | Kembridžas | Kembriĝo | Kiam-khiâu | Κέμπριτζ | Кеймбридж | Кембридж | Кембриҷ | Кембриџ | Кембрідж | Кембрыдж | კემბრიჯი | Քեմբրիջ | קיימברידג' | كامبريدج | کمبریج | کیمبرج | केंब्रिज | ক্যামব্রিজ | ಕೇಂಬ್ರಿಜ್ | കേംബ്രിഡ്ജ് | เคมบริดจ์ | ကိန်းဘရစ်ချ်မြို့ | ケンブリッジ | 劍橋,34,
02010646-p008-loc01,02010646-p008,02010646,1,London,London,2643743,https://www.geonames.org/2643743,51.50853,-0.12574,United Kingdom,런던 | ᎫᎴ ᏗᏍᎪᏂᎯᏱ | ܠܘܢܕܘܢ | ለንደን | ロンドン | ଲଣ୍ଡନ | ลอนดอน | ລອນດອນ | GBLON | ILondon | Lākana | Landan | Landen | Llundain | Lodoni | LON | Londain | Londar | Londe | Londen | Londin | Londinium | Londn | london | London | Londona | Londonas | Londoni | Londono | Londons | Lọndọnu | Londra | Łondra | Londres | Londrez | Londri | Londro | Londye | Londyn | Londýn | Lonn | Lontoo | Loundres | Luân Đôn | Lunden | Lundra | Lůndůn | Lundúnir | Lùng-dŭng | Lunnainn | Lunnin | Lunnon | Lûn-tun | Lùn-tûn | Q84 | Rānana | لأندأن | لندن | لەندەن | لوندون | לאנדאן | לונדון | Λονδίνο | Лёндан | Лондан | Лондон | Лондон ош | Лондонъ | ལོན་ཊོན། | Լոնդոն | Լոնտոն | ლონდონი | लण्डन | लन्डन् | लन्दन | लंडन | लंदन | લંડન | లండన్ | ਲੰਡਨ | ಲಂಡನ್ | இலண்டன் | ലണ്ടൻ | লন্ডন | လန်ဒန်မြို့ | ලන්ඩන් | 伦敦 | 倫敦,88,
02128155-p003-loc01,02128155-p003,02128155,1,Milano,Milan,3173435,https://www.geonames.org/3173435,45.46427,9.18951,Italy,밀라노 | ITMIL | Lungsod ng Milano | Mailand | Mediolan | Mediolanum | MIL | Milà | Milaan | Milan | Milán | Milāna | Milanas | Milano | Miláno | Milánó | Mílanó | Milanu | Milão | Mилан | Милан | Милано | Мілан | მილანი | Միլան | מילאנו | مىلان | ميلانو | মিলান | மிலன் | มิลาน | ミラノ | 米蘭,33,
02128155-p004-loc01,02128155-p004,02128155,1,Milano,Milan,3173435,https://www.geonames.org/3173435,45.46427,9.18951,Italy,밀라노 | ITMIL | Lungsod ng Milano | Mailand | Mediolan | Mediolanum | MIL | Milà | Milaan | Milan | Milán | Milāna | Milanas | Milano | Miláno | Milánó | Mílanó | Milanu | Milão | Mилан | Милан | Милано | Мілан | მილანი | Միլան | מילאנו | مىلان | ميلانو | মিলান | மிலன் | มิลาน | ミラノ | 米蘭,33,
02128158-p002-loc01,02128158-p002,02128158,1,Milano,Milan,3173435,https://www.geonames.org/3173435,45.46427,9.18951,Italy,밀라노 | ITMIL | Lungsod ng Milano | Mailand | Mediolan | Mediolanum | MIL | Milà | Milaan | Milan | Milán | Milāna | Milanas | Milano | Miláno | Milánó | Mílanó | Milanu | Milão | Mилан | Милан | Милано | Мілан | მილანი | Միլան | מילאנו | مىلان | ميلانو | মিলান | மிலன் | มิลาน | ミラノ | 米蘭,33,
02128158-p003-loc01,02128158-p003,02128158,1,Milano,Milan,3173435,https://www.geonames.org/3173435,45.46427,9.18951,Italy,밀라노 | ITMIL | Lungsod ng Milano | Mailand | Mediolan | Mediolanum | MIL | Milà | Milaan | Milan | Milán | Milāna | Milanas | Milano | Miláno | Milánó | Mílanó | Milanu | Milão | Mилан | Милан | Милано | Мілан | მილანი | Միլան | מילאנו | مىلان | ميلانو | মিলান | மிலன் | มิลาน | ミラノ | 米蘭,33,
00203573-p005-loc01,00203573-p005,00203573,1,Oxford,Oxford,2640729,https://www.geonames.org/2640729,51.75222,-1.25596,United Kingdom,옥스퍼드 | Àth nan Damh | GBOXF | Oksford | Oksforda | Oksfordas | Oksfordo | Oksfuords | Oxenaford | Oxenaforda | Oxenford | OXF | Oxford | Oxnaford | Öxnafurða | Oxneford | Oxonia | Oxónia | Oxônia | Oxonium | Rhedicina | Rhydychen | Rysoghen | Uxavað | Οξφόρδη | Оксфард | Оксфорд | Оқсфорд | ოქსფორდი | אוקספורד | אקספארד | آکسفورد | آکسفورڈ | أكسفورد | اوكسفورد | ऑक्सफर्ड | ऑक्सफोर्ड | অক্সফোর্ড | ਆਕਸਫ਼ੋਰਡ | ஆக்சுபோர்டு | ఆక్స్‌ఫర్డ్ | ಆಕ್ಸ್‌ಫರ್ಡ್ | อ๊อกซฟอร์ด | အောက်စဖို့မြို့ | オックスフォード | 牛津,46,
00205588-p001-loc01,00205588-p001,00205588,1,London,London,2643743,https://www.geonames.org/2643743,51.50853,-0.12574,United Kingdom,런던 | ᎫᎴ ᏗᏍᎪᏂᎯᏱ | ܠܘܢܕܘܢ | ለንደን | ロンドン | ଲଣ୍ଡନ | ลอนดอน | ລອນດອນ | GBLON | ILondon | Lākana | Landan | Landen | Llundain | Lodoni | LON | Londain | Londar | Londe | Londen | Londin | Londinium | Londn | london | London | Londona | Londonas | Londoni | Londono | Londons | Lọndọnu | Londra | Łondra | Londres | Londrez | Londri | Londro | Londye | Londyn | Londýn | Lonn | Lontoo | Loundres | Luân Đôn | Lunden | Lundra | Lůndůn | Lundúnir | Lùng-dŭng | Lunnainn | Lunnin | Lunnon | Lûn-tun | Lùn-tûn | Q84 | Rānana | لأندأن | لندن | لەندەن | لوندون | לאנדאן | לונדון | Λονδίνο | Лёндан | Лондан | Лондон | Лондон ош | Лондонъ | ལོན་ཊོན། | Լոնդոն | Լոնտոն | ლონდონი | लण्डन | लन्डन् | लन्दन | लंडन | लंदन | લંડન | లండన్ | ਲੰਡਨ | ಲಂಡನ್ | இலண்டன் | ലണ്ടൻ | লন্ডন | လန်ဒန်မြို့ | ලන්ඩන් | 伦敦 | 倫敦,88,
00205588-p002-loc01,00205588-p002,00205588,1,Oxford,Oxford,2640729,https://www.geonames.org/2640729,51.75222,-1.25596,United Kingdom,옥스퍼드 | Àth nan Damh | GBOXF | Oksford | Oksforda | Oksfordas | Oksfordo | Oksfuords | Oxenaford | Oxenaforda | Oxenford | OXF | Oxford | Oxnaford | Öxnafurða | Oxneford | Oxonia | Oxónia | Oxônia | Oxonium | Rhedicina | Rhydychen | Rysoghen | Uxavað | Οξφόρδη | Оксфард | Оксфорд | Оқсфорд | ოქსფორდი | אוקספורד | אקספארד | آکسفورد | آکسفورڈ | أكسفورد | اوكسفورد | ऑक्सफर्ड | ऑक्सफोर्ड | অক্সফোর্ড | ਆਕਸਫ਼ੋਰਡ | ஆக்சுபோர்டு | ఆక్స్‌ఫర్డ్ | ಆಕ್ಸ್‌ಫರ್ಡ್ | อ๊อกซฟอร์ด | အောက်စဖို့မြို့ | オックスフォード | 牛津,46,
02010645-p003-loc01,02010645-p003,02010645,1,London,London,2643743,https://www.geonames.org/2643743,51.50853,-0.12574,United Kingdom,런던 | ᎫᎴ ᏗᏍᎪᏂᎯᏱ | ܠܘܢܕܘܢ | ለንደን | ロンドン | ଲଣ୍ଡନ | ลอนดอน | ລອນດອນ | GBLON | ILondon | Lākana | Landan | Landen | Llundain | Lodoni | LON | Londain | Londar | Londe | Londen | Londin | Londinium | Londn | london | London | Londona | Londonas | Londoni | Londono | Londons | Lọndọnu | Londra | Łondra | Londres | Londrez | Londri | Londro | Londye | Londyn | Londýn | Lonn | Lontoo | Loundres | Luân Đôn | Lunden | Lundra | Lůndůn | Lundúnir | Lùng-dŭng | Lunnainn | Lunnin | Lunnon | Lûn-tun | Lùn-tûn | Q84 | Rānana | لأندأن | لندن | لەندەن | لوندون | לאנדאן | לונדון | Λονδίνο | Лёндан | Лондан | Лондон | Лондон ош | Лондонъ | ལོན་ཊོན། | Լոնդոն | Լոնտոն | ლონდონი | लण्डन | लन्डन् | लन्दन | लंडन | लंदन | લંડન | లండన్ | ਲੰਡਨ | ಲಂಡನ್ | இலண்டன் | ലണ്ടൻ | লন্ডন | လန်ဒန်မြို့ | ලන්ඩන් | 伦敦 | 倫敦,88,
02010645-p004-loc01,02010645-p004,02010645,1,London,London,2643743,https://www.geonames.org/2643743,51.50853,-0.12574,United Kingdom,런던 | ᎫᎴ ᏗᏍᎪᏂᎯᏱ | ܠܘܢܕܘܢ | ለንደን | ロンドン | ଲଣ୍ଡନ | ลอนดอน | ລອນດອນ | GBLON | ILondon | Lākana | Landan | Landen | Llundain | Lodoni | LON | Londain | Londar | Londe | Londen | Londin | Londinium | Londn | london | London | Londona | Londonas | Londoni | Londono | Londons | Lọndọnu | Londra | Łondra | Londres | Londrez | Londri | Londro | Londye | Londyn | Londýn | Lonn | Lontoo | Loundres | Luân Đôn | Lunden | Lundra | Lůndůn | Lundúnir | Lùng-dŭng | Lunnainn | Lunnin | Lunnon | Lûn-tun | Lùn-tûn | Q84 | Rānana | لأندأن | لندن | لەندەن | لوندون | לאנדאן | לונדון | Λονδίνο | Лёндан | Лондан | Лондон | Лондон ош | Лондонъ | ལོན་ཊོན། | Լոնդոն | Լոնտոն | ლონდონი | लण्डन | लन्डन् | लन्दन | लंडन | लंदन | લંડન | లండన్ | ਲੰਡਨ | ಲಂಡನ್ | இலண்டன் | ലണ്ടൻ | লন্ডন | လန်ဒန်မြို့ | ලන්ඩන් | 伦敦 | 倫敦,88,
02010645-p005-loc01,02010645-p005,02010645,1,London,London,2643743,https://www.geonames.org/2643743,51.50853,-0.12574,United Kingdom,런던 | ᎫᎴ ᏗᏍᎪᏂᎯᏱ | ܠܘܢܕܘܢ | ለንደን | ロンドン | ଲଣ୍ଡନ | ลอนดอน | ລອນດອນ | GBLON | ILondon | Lākana | Landan | Landen | Llundain | Lodoni | LON | Londain | Londar | Londe | Londen | Londin | Londinium | Londn | london | London | Londona | Londonas | Londoni | Londono | Londons | Lọndọnu | Londra | Łondra | Londres | Londrez | Londri | Londro | Londye | Londyn | Londýn | Lonn | Lontoo | Loundres | Luân Đôn | Lunden | Lundra | Lůndůn | Lundúnir | Lùng-dŭng | Lunnainn | Lunnin | Lunnon | Lûn-tun | Lùn-tûn | Q84 | Rānana | لأندأن | لندن | لەندەن | لوندون | לאנדאן | לונדון | Λονδίνο | Лёндан | Лондан | Лондон | Лондон ош | Лондонъ | ལོན་ཊོན། | Լոնդոն | Լոնտոն | ლონდონი | लण्डन | लन्डन् | लन्दन | लंडन | लंदन | લંડન | లండన్ | ਲੰਡਨ | ಲಂಡನ್ | இலண்டன் | ലണ്ടൻ | লন্ডন | လန်ဒန်မြို့ | ලන්ඩන් | 伦敦 | 倫敦,88,
02010645-p006-loc01,02010645-p006,02010645,1,Cambridge,Cambridge,2653941,https://www.geonames.org/2653941,52.2,0.11667,United Kingdom,케임브리지 | Caergrawnt | Cambridge | Cantabrigia | CBG | GBCMG | Grantanbrycg | Kambrij | Kembric | Kembridža | Kembridžas | Kembriĝo | Kiam-khiâu | Κέμπριτζ | Кеймбридж | Кембридж | Кембриҷ | Кембриџ | Кембрідж | Кембрыдж | კემბრიჯი | Քեմբրիջ | קיימברידג' | كامبريدج | کمبریج | کیمبرج | केंब्रिज | ক্যামব্রিজ | ಕೇಂಬ್ರಿಜ್ | കേംബ്രിഡ്ജ് | เคมบริดจ์ | ကိန်းဘရစ်ချ်မြို့ | ケンブリッジ | 劍橋,34,
02010645-p007-loc01,02010645-p007,02010645,1,London,London,2643743,https://www.geonames.org/2643743,51.50853,-0.12574,United Kingdom,런던 | ᎫᎴ ᏗᏍᎪᏂᎯᏱ | ܠܘܢܕܘܢ | ለንደን | ロンドン | ଲଣ୍ଡନ | ลอนดอน | ລອນດອນ | GBLON | ILondon | Lākana | Landan | Landen | Llundain | Lodoni | LON | Londain | Londar | Londe | Londen | Londin | Londinium | Londn | london | London | Londona | Londonas | Londoni | Londono | Londons | Lọndọnu | Londra | Łondra | Londres | Londrez | Londri | Londro | Londye | Londyn | Londýn | Lonn | Lontoo | Loundres | Luân Đôn | Lunden | Lundra | Lůndůn | Lundúnir | Lùng-dŭng | Lunnainn | Lunnin | Lunnon | Lûn-tun | Lùn-tûn | Q84 | Rānana | لأندأن | لندن | لەندەن | لوندون | לאנדאן | לונדון | Λονδίνο | Лёндан | Лондан | Лондон | Лондон ош | Лондонъ | ལོན་ཊོན། | Լոնդոն | Լոնտոն | ლონდონი | लण्डन | लन्डन् | लन्दन | लंडन | लंदन | લંડન | లండన్ | ਲੰਡਨ | ಲಂಡನ್ | இலண்டன் | ലണ്ടൻ | লন্ডন | လန်ဒန်မြို့ | ලන්ඩන් | 伦敦 | 倫敦,88,
02128156-p002-loc01,02128156-p002,02128156,1,Milano,Milan,3173435,https://www.geonames.org/3173435,45.46427,9.18951,Italy,밀라노 | ITMIL | Lungsod ng Milano | Mailand | Mediolan | Mediolanum | MIL | Milà | Milaan | Milan | Milán | Milāna | Milanas | Milano | Miláno | Milánó | Mílanó | Milanu | Milão | Mилан | Милан | Милано | Мілан | მილანი | Միլան | מילאנו | مىلان | ميلانو | মিলান | மிலன் | มิลาน | ミラノ | 米蘭,33,
02128156-p003-loc01,02128156-p003,02128156,1,Milano,Milan,3173435,https://www.geonames.org/3173435,45.46427,9.18951,Italy,밀라노 | ITMIL | Lungsod ng Milano | Mailand | Mediolan | Mediolanum | MIL | Milà | Milaan | Milan | Milán | Milāna | Milanas | Milano | Miláno | Milánó | Mílanó | Milanu | Milão | Mилан | Милан | Милано | Мілан | მილანი | Միլան | מילאנו | مىلان | ميلانو | মিলান | மிலன் | มิลาน | ミラノ | 米蘭,33,
02176494-p001-loc01,02176494-p001,02176494,1,Köln,Cologne,2886242,https://www.geonames.org/2886242,50.93333,6.95,Germany,쾰른 | 50861 | Augusta Ubiorum | CGN | Cołogna | Cologne | Colonha | Colonia | Colònia | Colônia | Colonia Agrippina | Colonia Agrippinensis | Colonia Claudia Ara Agrippinensium | Culonia | Cwlen | DECGN | Kelnas | Ķelne | Këlni | Keulen | Kiolns | Koeln | Kolín nad Rýnem | Kolín nad Rýnom | Kölle | Köln | Koloin | Kolon | Kolonia | Kolonjo | Kyoln | Lungsod ng Cologne | Oppidum Ubiorum | Q365 | Κολωνία | Келн | Кельн | Кёльн | Кӧльн | Көлн | Кьолн | კელნი | Քյոլն | קלן | קעלן | قلونية | قُلُونِيَة | كولن | كولونيا | کلن | کلون | کولون | ኮልን | क्योल्न | ਕਲਨ | கோல்ன் | కొలోన్ | ಕಲೋನ್ | โคโลญ | ケルン | 古龍 | 科隆,62,
02176494-p002-loc01,02176494-p002,02176494,1,,Germany,2921044,https://www.geonames.org/2921044,51.5,10.5,Germany,독일 | A' Ghearmailt | A’ Ghearmailt | Alamagn | Alemagne | Alemaina | Alemaña | Alemanha | Alemani | Alémani | Alemania | Alemanu | Alemanya | Alimaniya | Alimanya | Alimaɲi | Allemagne | Allemangne | Almaañ | Almaniya | Almanya | Almayn | an Ghearmáin | Budaaki | Bundesrepublik | Bundesrepublik Deutschland | Däitschland | DE | Deitschland | Deitschlånd | Deutän | Deutschland | Discüssiun sura la fundazziun | dotygu'e | Đức | Duiska | Duiskka | Duitschland | Duitsland | Dútslân | Düütschland | Duutsjlandj | Duutsland | Federal Republic of Germany | Germania | Germània | Germania nutome | Germanio | Germaniya | Germaniýa | Germanujo | Germany | Germuanii | Girimane | Girmania | Gjermani | Gjermania | Gjermanie | Gyaaman | Heremani | i-Germany | IJalimani | il-Ġermanja | Jamanị | Jámánì | Jamus | Jarmal | Jarmalka | Jerman | Jérman | Jėrman | Jermaniya | Miemieckô | Nemačka | Nemčija | Nemecko | Německo | Németország | Němska | Niemcy | Njemačka | Njeremani | Olmoniya | Orílẹ́ède Gemani | Q183 | Saksa | Saksamaa | Siaman | Siamane | Teutōtitlan | Tiamana | Tôitšhi | Tyskland | Týskland | Tysklandi | Ubudage | Udachi | Ujerumani | Vācija | Vokietija | West Germany | Yn Ghermaan | Yr Almaen | Zâmani | Þēodiscland | Þýskaland | Γερμανία | Алмания | Герман | Германи | Германии | Германија | Германия | Германія | Ӂермания | Немачка | Німеччина | Нямеччына | Олмон | ФРГ | გერმანია | Գերմանիա | גרמניה | דייטשלאנד | דייטשלאַנד | آلمان | ألمانيا | ئەڵمانیا | المان | المانيا | جرمني | جرمني/آلمان | جرمنی | جرمٔنی | گېرمانىيە | ܓܪܡܢ | ጀርመን | जमिन | जर्मनी | जर्मनीदेश: | জার্মানি | জাৰ্মানী | ਜਰਮਨੀ | જર્મની | ଜର୍ମାନୀ | ஜெர்மனி | ஜெர்மன் | జర్మనీ | ಜರ್ಮನಿ | ജര്‍മ്മനി | ജർമ്മനി | ජර්මනිය | ประเทศเยอรมนี | เยอรมนี | เยอรมัน | สหพันธ์สาธารณรัฐเยอรมนี | ເຢຍລະມັນ | ཇཱར་མ་ནི | འཇར་མན་ | ဂျာမနီ | អាល្លឺម៉ង់ | ドイツ | ドイツ連邦共和国 | ꄓꇩ | 德国 | 德國 | 德意志联邦共和国 | 德意志聯邦共和國,168,
02176494-p003-loc01,02176494-p003,02176494,1,Nürnberg,Nuremberg,2861650,https://www.geonames.org/2861650,49.45421,11.07752,Germany,뉘른베르크 | 90126 | 90442 | 90449 | 90453 | DENUE | Neurenberch | Neurenberg | Niamberg | Nirnberga | Niurnbergas | Norimberg | Norimberga | Norimbèrga | Norimberk | Norymberga | NUE | Nuernberg | Nuremberg | Nurembèrg | Núremberg | Nuremberga | Nurembergo | Nuremburg | Nurenberg | Nurenbergo | Nurenburg | Nürnbarg | Nürnberg | Nürnberq | Nyrëmberg | Nyurnbérg | Νυρεμβεργη | Νυρεμβέργη | Нирнберг | Нӳрнберг | Нюрнберг | ნიურნბერგი | נירנבערג | נירנברג | نورنبرگ | نورنبيرغ | نۆریمبێرگ | نیورمبرگ | न्युर्नबर्ग | நியூரம்பெர்க் | นูเรมเบิร์ก | เนือร์นแบร์ก | ニュルンベルク | 纽伦堡,50,
