provenance_id,mei_id,provenance_sequence,time_start,time_end,centuries,certainty,provenance_types,source_codes,acquisition_method,note,area_codes,agent_count,agent_names,agent_owner_ids,agent_roles,agent_types,agent_dates,agent_external_ids,agents_json,binding_note,binding_date,binding_type,binding_status,cover_material,board_material,binding_height,binding_width,binding_depth,decoration_note,rubrication_note,rubrication_date,manuscript_note,stamps_note,shelfmark_evidence,price_amount,price_currency,price_note,evidence_date,place_count,additional_evidence_json
00559196-p001,00559196,1,,,,a,,,,,e-uk-en,1,Cambridge University Library,3463,R390,corporate,,http://thesaurus.cerl.org/record/cnc00002301,"[{""characterisation"":[""noc""],""externalId"":[""http://thesaurus.cerl.org/record/cnc00002301""],""name"":""Cambridge University Library"",""ownerId"":3463,""professionOrType"":[""lib""],""role"":""R390"",""type"":""corporate"",""variants"":[""Cambridge, University, Library"",""University Library, Cambridge"",""University of Cambridge, Cambridge University Library"",""University of Cambridge, Library"",""University of Cambridge, University Library""]}]",Inc.6.C.1.5[2333]: Binding: Nineteenth-century full olive grained morocco; turn-ins gilt rolled; spine direct-lettered in gilt: Horologium devotionis.,,,,,,,,,"Inc.6.C.1.5[2333]: Decoration: Red initials and red paragraph marks , capial strokes and underlining throughout; extensive staining from rubricator's ink on sig. e4v; first three woodcuts crudely stained in yellow. Item number one in volume, bound with ISTC im00432000 (Meditationes de vita et beneficiis Jesu Christi, sive Gratiarum actiones ([Basel: Johann Amerbach and Johann Petri de Langendorff, not after 1489]). UkCU,Inc.5.C.1.5[2335]: Decoration: red and blue initials; red paragraph marks, capital strokes and underlining throughout. Item number two in volume; bound with ISTC im00432000 (Meditationes de vita et beneficiis Jesu Christi, sive Gratiarum actiones ([Basel: Johann Amerbach and Johann Petri de Langendorff, not after 1489])) and ISTC ig00177000 (Gerardus de Zutphania De spiritualibus ascensionibus ([Basel: Johann Amerbach and Johann Petri de Langendorff, not after 1489])).",,,,,,,,,,1,
00559195-p001,00559195,1,,,,a,,,,"Inc.7.A.4.1[342]:  Provenance:  Inscribed 'Hinricus Recharen [?]' on leaf n8 verso, 16th century.  Inscribed 'Phillipps's sale, 1869, lot 57' (Bradshaw's note in lower right corner of upper pastedown) and no. '57' on paper spine label.  Bought of CJ Stewart on 28 June 1869 through the Rustat Fund. UkCU,Inc.7.A.4.1[343]:  Provenance:  Jean Patrice August Madden, his bookplate with motto 'Torcular calcavi solus' and stamped number '899146' on upper pastedown.  Madden's sale, Versailles,14-22 April 1890, lot 1027.3, ('no 1027.3' in pencil on bookplate and on inserted paper slip).",e-uk-en,1,Cambridge University Library,3463,R390,corporate,,http://thesaurus.cerl.org/record/cnc00002301,"[{""characterisation"":[""noc""],""externalId"":[""http://thesaurus.cerl.org/record/cnc00002301""],""name"":""Cambridge University Library"",""ownerId"":3463,""professionOrType"":[""lib""],""role"":""R390"",""type"":""corporate"",""variants"":[""Cambridge, University, Library"",""University Library, Cambridge"",""University of Cambridge, Cambridge University Library"",""University of Cambridge, Library"",""University of Cambridge, University Library""]}]",,,,,,,,,,,,,,,,,,,,1,
02135612-p001,02135612,1,,,,,,,,,,1,Universitätsbibliothek Tübingen,00028883,R399,,,https://thesaurus.cerl.org/cgi-bin/record.pl?rid=cnc00025088 | https://thesaurus.cerl.org/cgi-bin/record.pl?rid=cnc00005655 | https://thesaurus.cerl.org/cgi-bin/record.pl?rid=cnc00013333,"[{""externalId"":[""https://thesaurus.cerl.org/cgi-bin/record.pl?rid=cnc00025088"",""https://thesaurus.cerl.org/cgi-bin/record.pl?rid=cnc00005655"",""https://thesaurus.cerl.org/cgi-bin/record.pl?rid=cnc00013333""],""name"":""Universitätsbibliothek Tübingen"",""ownerId"":""00028883"",""role"":""R399"",""variants"":[""Tübingen, Universitätsbibliothek "","" Tuebingen UB"",""Tübingen, Eberhard-Karls-Universität"",""Tubingen UB""]}]",,,,,,,,,,,,,,,,,,,,1,
02138264-p001,02138264,1,,,,,,,,"abdij van Tegernsee (volgens de veilingcatalogus ‘on lit sur les gardes ‘‘Attinet magistro de Gernsee, 1496’’ ’. Deze inscriptie, nu niet meer aanwezig, moet gelezen worden als ‘attinet monasterio Tegernsee’); Hofbibliothek München (zie A-1163).",,0,,,,,,,,,,,,,,,,,,,,,,,,,,,1,
02138264-p002,02138264,2,,,,,,,,,e-ne,1,"Westreenen van Tiellandt, Willem Hendrik Jacob van",00016628,R390,person,,http://thesaurus.cerl.org/record/cnp01397346 | http://thesaurus.cerl.org/record/cnp02141281 | http://thesaurus.cerl.org/record/cnp01259036,"[{""externalId"":[""http://thesaurus.cerl.org/record/cnp01397346"",""http://thesaurus.cerl.org/record/cnp02141281"",""http://thesaurus.cerl.org/record/cnp01259036""],""name"":""Westreenen van Tiellandt, Willem Hendrik Jacob van"",""ownerId"":""00016628"",""professionOrType"":[""lic""],""role"":""R390"",""type"":""person"",""variants"":[""Westreenen Van Tiellandt, Willem Hendrik Jacob van"",""Westreenen Van Tiellandt, Willem Hendrik Jacob Baron van""]}]",,,,,,,,,,,,,,,,,,,,1,
02138264-p003,02138264,3,,,,,,,,"Verwerving: veiling P***, Parijs, R. Merlin (CP: Fournel), 13-2-1839, lot 10, 5 francs. Via boekhandel Tilliard, Parijs (AR 14-3-1839, FA 157/003r). / Beschrijving: catalogue FA 136/156.",e-ne,1,Museum Meermanno | Huis van het boek,00016814,R399,corporate,,,"[{""name"":""Museum Meermanno | Huis van het boek"",""ownerId"":""00016814"",""professionOrType"":[""lib""],""role"":""R399"",""type"":""corporate"",""variants"":[""The Hague, Museum Meermanno "",""Museum Meermanno-Westreenianum"",""Museum Meermanno | Huis van het Boek""]}]","bij aankoop (1) in convoluut met (2) A-1163, (3) A-0545, (4) A-0758, ex. 2 en (5) -A-1033. Door W. Carbentus werd de inhoud van het convoluut over drie banden verdeeld: (1) A-0238 in convoluut met (2) A-1163 en (3) A-0545; (4) A-0758, ex. 2 en (5) A-1033 ieder apart.",,,,,,,,,,,,,,,,,,,1,
02010644-p001,02010644,1,1481,1500,15,a,l,a,,,,0,,,,,,,,,,,,,,,,,Initials are supplied in red (partly oxidised). ,,,,,,,,,,0,
02010644-p002,02010644,2,1541,1600,16,a,a,a,,On a2r: `1545 fest [...]' in light-brown ink.  On b3v: `Your owne sublyng Batilel G. 1545/6' in brown ink. On b7v and d1v: `[An]no 1546' in brown ink.,e-uk,0,,,,,,,,,,,,,,,,,,,,"16th century, mss notes (from palaeographical evidence). ",,,,,,,0,"{""msFrequency"":""a""}"
02010644-p003,02010644,3,,1604,15 | 16 | 17,a,n,,,"This book is described in the catalogue of Whitgift's library (LPL, MS Film 21, f. 172).",e-uk,1,"Whitgift, John <Archbishop of Canterbury>",3522,R390,person,1530 - 1604,http://thesaurus.cerl.org/record/cnp00552955,"[{""characterisation"":[""rel""],""dates"":""1530 - 1604"",""externalId"":[""http://thesaurus.cerl.org/record/cnp00552955""],""gender"":""1002"",""name"":""Whitgift, John <Archbishop of Canterbury>"",""ownerId"":""3522"",""role"":""R390"",""type"":""person"",""variants"":[""Whitgifte, John""]}]",Gold-tooled Arms of John Whitgift on both covers,t,c,e,b,g,,,,,,,,,,,,,,1,"{""edges"":""b"",""gauffered"":""d"",""titling"":[""b""],""tooling"":""b"",""writingOnEdges"":""d""}"
02010644-p004,02010644,4,1604,1610,17,a,n,,a,"This book is described in the catalogue of Bancroft's library (LPL, LR/F/1, f. 33r). He probably bought it in agreement with Whitgift's relatives after the latter's death (see: David Pearson, The Libraries of English Bishops, 1600-40, in: The Library, 6th ser., XIV (1992), p. 256). ",e-uk,1,"Bancroft, Richard",3464,R390,person,1544 - 1610,http://thesaurus.cerl.org/record/cnp01306934,"[{""characterisation"":[""rel""],""dates"":""1544 - 1610"",""externalId"":[""http://thesaurus.cerl.org/record/cnp01306934""],""gender"":""1002"",""name"":""Bancroft, Richard"",""note"":""Archbishop of Canterbury (1604-1610)"",""ownerId"":""3464"",""role"":""R390"",""type"":""person""}]",,,,,,,,,,,,,,,,,,,,1,
02010644-p005,02010644,5,1610,,17,a,n,,c,This book was bequeathed by Bancroft to Lambeth Palace Library that he founded in 1610 according to his will.  ,e-uk,1,"London, Lambeth Palace Library",3462,R390,corporate,1610 -,http://thesaurus.cerl.org/record/cnc00021687,"[{""characterisation"":[""rel""],""dates"":""1610 - "",""externalId"":[""http://thesaurus.cerl.org/record/cnc00021687""],""name"":""London, Lambeth Palace Library"",""ownerId"":""3462"",""role"":""R390"",""type"":""corporate""}]",,,,,,,,,,,,,,,,,,,,1,
02010644-p006,02010644,6,,1664,17,a,o,a,e,The shelfmark indicates that this book was kept in Cambridge from 1648/9 to 1664. ,e-uk,1,Cambridge University Library,3463,R390,corporate,,http://thesaurus.cerl.org/record/cnc00002301,"[{""characterisation"":[""noc""],""externalId"":[""http://thesaurus.cerl.org/record/cnc00002301""],""name"":""Cambridge University Library"",""ownerId"":""3463"",""role"":""R390"",""type"":""corporate"",""variants"":[""Cambridge, University, Library"",""University Library, Cambridge"",""University of Cambridge, Cambridge University Library"",""University of Cambridge, Library"",""University of Cambridge, University Library""]}]",,,,,,,,,,,,,,,"[{""note"":""On the front paste-down and in Cambridge catalogue (153r): `C. nu. 32.' in black ink"",""pattern"":""43""}]",,,,,1,
02010644-p007,02010644,7,1664,,17,a,o,,e,"This book is described in the catalogue of the books returning from Cambridge in 1664 (LPL, Printed books, 1684-1691, LR/F/9).",e-uk,1,"London, Lambeth Palace Library",3462,R399,corporate,1610 -,http://thesaurus.cerl.org/record/cnc00021687,"[{""characterisation"":[""rel""],""dates"":""1610 - "",""externalId"":[""http://thesaurus.cerl.org/record/cnc00021687""],""name"":""London, Lambeth Palace Library"",""ownerId"":""3462"",""role"":""R399"",""type"":""corporate""}]",,,,,,,,,,,,,,Octagonal stamp of `Bibliotheca Lambethana' in black ink,"[{""note"":""In the catalogue (f. 18r): `7. T. 1.'"",""pattern"":""40""}]",,,,,1,
00201811-p001,00201811,1,,,,b,l,b,,,,0,,,,,,,,,,,,,,,,,Silografia colorata,,,,,,,,,,0,"{""hasIllustrationsByHand"":1}"
00201811-p002,00201811,2,,,,b,u,b,,,e-it,1,"Mantova, Francescani, San Francesco, OFM",00010197,R390,corporate,XIV sec.-1805,,"[{""characterisation"":[""rel""],""dates"":""XIV sec.-1805"",""name"":""Mantova, Francescani, San Francesco, OFM"",""ownerId"":""00010197"",""professionOrType"":[""cle""],""role"":""R390"",""type"":""corporate"",""variants"":[""Mantua, Franciscans, St Francis, OFM""]}]",,,,,,,,,,,,,,,,,,,,1,
00201811-p003,00201811,3,1901,2000,20,b,,b,,,e-it,0,,,,,,,,Legatura di restauro,x,c,,a,g,,,,,,,,,"[{""note"":""V.A.6.""}]",,,,,0,
02128157-p001,02128157,1,1490,1550,15 | 16,a,l,a,x,,,0,,,,,,,,,,,,,,,,,"Iniziali, segni di paragrafo e maiuscole toccate in rosso; silografie acquerellate.",,,,,,,,,,0,"{""hasIllustrationsByHand"":""1"",""hasPenInitials"":""1""}"
02128157-p002,02128157,2,1501,1782,16 | 17 | 18,,,,,,e-it,1,"Monastero di Santa Maria Agnus Dei e Sant'Ambrogio, Garegnano",1275,R390,corporate,1349-1782,,"[{""characterisation"":[""rel""],""dates"":""1349-1782"",""name"":""Monastero di Santa Maria Agnus Dei e Sant'Ambrogio, Garegnano"",""ownerId"":""1275"",""professionOrType"":[""rei""],""role"":""R390"",""type"":""corporate"",""variants"":[""Garegnano (Milan0), Certosini, Santa Maria Agnus Dei e Sant'Ambrogio, OCart""]}]",,,,,,,,,,,,,,,,,,,,1,
02128157-p003,02128157,3,1782,,18,a,,a,,,e-it,1,"Milano, Biblioteca Nazionale Braidense",2832,R399,corporate,1770-,http://thesaurus.cerl.org/record/cnc00011849,"[{""characterisation"":[""noc""],""dates"":""1770-"",""externalId"":[""http://thesaurus.cerl.org/record/cnc00011849""],""name"":""Milano, Biblioteca Nazionale Braidense"",""ownerId"":""2832"",""professionOrType"":[""lib""],""role"":""R399"",""type"":""corporate"",""variants"":[""Imperial Regia Bibliotheca Mediolanensis""]}]",,,,,,,,,,,,,,,,,,,,1,
02013740-p001,02013740,1,1490,1500,15,a,k | l,a | c,,,e-gx,0,,,,,,,,"Contemporary calf (rebacked), ruled and blocked in blind, with four impressions -- two on each cover -- of historiated block (52 x 77 mm.) bordered with text: Deus det nobis suam pacem et post mortem vitam eternam. Amen; silk ties at fore-edge. Identified as German by Scott Husby; not found in EBDB.",s,c,e,b,g,161,117,15,,"Initials added in alternating red and blue (one large one in red and blue, ""puzzle"" style); paragraph marks and underlining in red.",15th century,,,,,,,,0,"{""edges"":""d"",""furniture"":1,""gauffered"":""d"",""hasPenInitials"":1,""hasRubrication"":1,""titling"":[""z""],""tooling"":""a"",""writingOnEdges"":""d""}"
02013740-p002,02013740,2,1940,1945,20,a,a,a | c,,With Adler's signature and date 1940.,n-us-nj,1,"Adler, Elmer",4732,R320,person,1884-1962,http://thesaurus.cerl.org/record/cnp01882316,"[{""characterisation"":[""noc""],""dates"":""1884-1962"",""externalId"":[""http://thesaurus.cerl.org/record/cnp01882316""],""gender"":1002,""name"":""Adler, Elmer"",""ownerId"":4732,""professionOrType"":[""ule""],""role"":""R320"",""type"":""person""}]",,,,,,,,,,,,,,,,,,,,1,
02013740-p003,02013740,3,1945,,20,a,e,a | c,b,Gift of Elmer Adler.,n-us-nj,1,Princeton University Library,3530,R399,corporate,1750-,http://thesaurus.cerl.org/record/cnc00019995 | http://library.princeton.edu/about/history,"[{""characterisation"":[""noc""],""dates"":""1750-"",""externalId"":[""http://thesaurus.cerl.org/record/cnc00019995"",""http://library.princeton.edu/about/history""],""name"":""Princeton University Library"",""ownerId"":3530,""professionOrType"":[""uni""],""role"":""R399"",""type"":""corporate""}]",,,,,,,,,,,,,,,,,,,,1,
00559194-p001,00559194,1,,,,,,,,,,1,"Madden, John Patrick Auguste",2733,R390,person,1808-1889,"http://thesaurus.cerl.org/record/cnp01101423 | https://aeolus.bodleian.ox.ac.uk/collections/incunables/provenances_for_mei.xml#xpointer(//*[@id=""2258""])","[{""dates"":""1808-1889"",""externalId"":[""http://thesaurus.cerl.org/record/cnp01101423"",""https://aeolus.bodleian.ox.ac.uk/collections/incunables/provenances_for_mei.xml#xpointer(//*[@id=\""2258\""])""],""name"":""Madden, John Patrick Auguste"",""ownerId"":""2733"",""role"":""R390"",""type"":""person"",""variants"":[""Madden, Jean-Patrice-Auguste"",""Madden, John Patrick Auguste""]}]",,,,,,,,,,,,,,,,,,,,0,
00559194-p002,00559194,2,,,,a,,,,"Inc.7.A.4.1[342]:  Provenance:  Inscribed 'Hinricus Recharen [?]' on leaf n8 verso, 16th century.  Inscribed 'Phillipps's sale, 1869, lot 57' (Bradshaw's note in lower right corner of upper pastedown) and no. '57' on paper spine label.  Bought of CJ Stewart on 28 June 1869 through the Rustat Fund. UkCU,Inc.7.A.4.1[343]:  Provenance:  Jean Patrice August Madden, his bookplate with motto 'Torcular calcavi solus' and stamped number '899146' on upper pastedown.  Madden's sale, Versailles,14-22 April 1890, lot 1027.3, ('no 1027.3' in pencil on bookplate and on inserted paper slip).",e-uk-en,1,Cambridge University Library,3463,R390,corporate,,http://thesaurus.cerl.org/record/cnc00002301,"[{""characterisation"":[""noc""],""externalId"":[""http://thesaurus.cerl.org/record/cnc00002301""],""name"":""Cambridge University Library"",""ownerId"":3463,""professionOrType"":[""lib""],""role"":""R390"",""type"":""corporate"",""variants"":[""Cambridge, University, Library"",""University Library, Cambridge"",""University of Cambridge, Cambridge University Library"",""University of Cambridge, Library"",""University of Cambridge, University Library""]}]",,,,,,,,,,,,,,,,,,,,1,
00202805-p001,00202805,1,1801,1900,19,,,,," Provenance: Purchased at sale, Catalogue of Books and Manuscripts . . . (London: Christie, Manson, and Woods, 30 July 1889), lot 6, for £1. 1. 0.",,1,"Anonymous sale, 1889: Catalogue of Books and Manuscripts...",00011178,,per,1889 - 1889,https://aeolus.bodleian.ox.ac.uk/collections/incunables/provenances_for_mei.xml#xpointer(//*[@id=,"[{""dates"":""1889 - 1889"",""externalId"":[""https://aeolus.bodleian.ox.ac.uk/collections/incunables/provenances_for_mei.xml#xpointer(//*[@id=""],""name"":""Anonymous sale, 1889: Catalogue of Books and Manuscripts..."",""note"":""(London: Christie, Manson, and Woods, 30 July 1889)."",""ownerId"":""00011178"",""type"":""per"",""variants"":[""London, Anonymous sale, 1889""]}]",,,,,,,,,,,,,,,,,,,,0,
00202805-p002,00202805,2,,,,,,,,,e-uk,1,"Oxford, Bodleian library",4209,,corporate,1602 -,http://thesaurus.cerl.org/record/cnc00013057,"[{""characterisation"":[""noc""],""dates"":""1602 -"",""externalId"":[""http://thesaurus.cerl.org/record/cnc00013057""],""name"":""Oxford, Bodleian library"",""ownerId"":4209,""professionOrType"":[""uni""],""type"":""corporate""}]",,,,,,,,,,,,,,,,,,,,1,
02152090-p001,02152090,1,1490,1500,15,a,m,a,,,ew,1,"Anonymous Annotator, Switzerland or Germany",00037857,R020,person,1490-1500,,"[{""characterisation"":[""unk""],""dates"":""1490-1500"",""gender"":""1003"",""name"":""Anonymous Annotator, Switzerland or Germany"",""ownerId"":""00037857"",""professionOrType"":[""unk""],""role"":""R020"",""type"":""person""}]",,,,,,,,,,,,,Marginal notes and manicule on leaf f6r-v only.,,,,,,,1,"{""hasMsComments"":""1"",""hasMsExtractedKeywords"":""1"",""hasMsReadingMarks"":""1"",""msFrequency"":""a"",""msLocation"":""d""}"
02152090-p002,02152090,2,1500,1525,15 | 16,a,l,a,,,ew,1,"Anonymous rubricator, Switzerland or Germany",00037858,R680,person,1500-1525,,"[{""characterisation"":[""unk""],""dates"":""1500-1525"",""gender"":""1003"",""name"":""Anonymous rubricator, Switzerland or Germany"",""ownerId"":""00037858"",""professionOrType"":[""unk""],""role"":""R680"",""type"":""person""}]",,,,,,,,,,Woodcut on d8r colored; other woodcuts uncolored.,"Initials, paragraph marks, capital strokes, and underlining added in red on leaves d1.8 only.",Early 16th century?,,,,,,,,1,"{""hasIllustrationsByHand"":""1"",""hasPartialRubrication"":""1"",""hasPenInitials"":""1""}"
02152090-p003,02152090,3,1875,1890,19,a,s,a,,"Remains of a clipped bookseller's description on front free endleaf 2r, with item number ""7818"". Dates conjectural.",e-uk-en,1,"Anonymous bookseller, England",00025770,R160,person,1875-1890,,"[{""characterisation"":[""noc""],""dates"":""1875-1890"",""gender"":""1002"",""name"":""Anonymous bookseller, England"",""ownerId"":""00025770"",""professionOrType"":[""bkt""],""role"":""R160"",""type"":""person""}]",,,,,,,,,,,,,,,,,,,,1,
02152090-p004,02152090,4,1890,1910,19 | 20,a,k | m,a,a,"Erased note of prices for purchase and binding on front free endleaf 2r, partially legible: ""Paid 5/[13?]/[9?] Book £[2?/---] Binding [---]"". Dates conjectural.",e-uk-en,2,"Anonymous, England | London, J. & J. Leighton",00037859 | 3536,R390 | R110,person | corporate,1819 - 1937,http://thesaurus.cerl.org/record/cnc00020540,"[{""characterisation"":[""unk""],""gender"":""1003"",""name"":""Anonymous, England"",""ownerId"":""00037859"",""professionOrType"":[""unk""],""role"":""R390"",""type"":""person""},{""characterisation"":[""noc""],""dates"":""1819 - 1937"",""externalId"":[""http://thesaurus.cerl.org/record/cnc00020540""],""name"":""London, J. & J. Leighton"",""ownerId"":""3536"",""professionOrType"":[""bkt""],""role"":""R110"",""type"":""corporate""}]","Full dark reddish brown goatskin; gilt spine title; board edges with a single gold rule; turn-ins with gold and blind rules; all edges gilt; stamp on front pastedown: ""Leighton Brewer St"".",w,c,b,b,g,161,112,11,,,,,,,2,GBP,Price partially erased.,,1,"{""edges"":""a"",""furniture"":""0"",""gauffered"":""d"",""titling"":[""b""],""tooling"":""c"",""writingOnEdges"":""d""}"
02152090-p005,02152090,5,1917,1917,20,a,s,e,,"Item 1929 in part 2 of the Leighton catalogue, ""Early printed books arranged by presses""; offered for £12.",e-uk-en,1,"London, J. & J. Leighton",3536,R160,corporate,1819 - 1937,http://thesaurus.cerl.org/record/cnc00020540,"[{""characterisation"":[""noc""],""dates"":""1819 - 1937"",""externalId"":[""http://thesaurus.cerl.org/record/cnc00020540""],""name"":""London, J. & J. Leighton"",""ownerId"":""3536"",""professionOrType"":[""bkt""],""role"":""R160"",""type"":""corporate""}]",,,,,,,,,,,,,,,,12,GBP,Offering price; not that which was paid by Leighton.,,1,
02152090-p006,02152090,6,1917,1921,20,a,r | s,a | g,,"Martini's collation note on front pastedown: ""Collated complete J. Martini"".  Item 75 in his catalogue 17, offered at $135; that price is also on the front pastedown, erased but legible, underneath a line below ""MCN.-"" (gives the appearance of a price code, but questionable, given the offering and discounted sale prices). Sold to Alfred Clark Chapin, 30 April 1921, at the discounted price of $120.",n-us,1,"Martini, Giuseppe",3532,R160,person,1870 - 1944,http://thesaurus.cerl.org/record/cnp01257482 | https://aeolus.bodleian.ox.ac.uk/collections/incunables/provenances_for_mei.xml#xpointer(//*[@id= | https://lccn.loc.gov/nr99009017,"[{""characterisation"":[""noc""],""dates"":""1870 - 1944"",""externalId"":[""http://thesaurus.cerl.org/record/cnp01257482"",""https://aeolus.bodleian.ox.ac.uk/collections/incunables/provenances_for_mei.xml#xpointer(//*[@id="",""https://lccn.loc.gov/nr99009017""],""gender"":""1002"",""name"":""Martini, Giuseppe "",""ownerId"":""3532"",""professionOrType"":[""bkt""],""role"":""R160"",""type"":""person"",""variants"":[""Martini, Joseph""]}]",,,,,,,,,,,,,,,,,,,,1,
02152090-p007,02152090,7,,1923,15 | 16 | 17 | 18 | 19 | 20,a,s,a | c | g,a,"Purchased from Martini, 30 April 1921, for $120.",n-us-ny,1,"Chapin, Alfred Clark",00016191,R320,person,1848-1936,https://specialcollections.williams.edu/chapin/alfred-clark-chapin-1848-1936/ | https://lccn.loc.gov/n2020027093 | https://en.wikipedia.org/wiki/Alfred_C._Chapin,"[{""characterisation"":[""noc""],""dates"":""1848-1936"",""externalId"":[""https://specialcollections.williams.edu/chapin/alfred-clark-chapin-1848-1936/"",""https://lccn.loc.gov/n2020027093"",""https://en.wikipedia.org/wiki/Alfred_C._Chapin""],""gender"":""1002"",""name"":""Chapin, Alfred Clark"",""ownerId"":""00016191"",""professionOrType"":[""pol""],""role"":""R320"",""type"":""person""}]",,,,,,,,,,,,,,,,120,U.S. dollars,,,1,
02152090-p008,02152090,8,1923,,20,a,e | s,a | c | g,b,"The gift of Alfred Clark Chapin at the founding of the Chapin Library at Williams College, February 1923.  Bookplate of the Chapin Library.",n-us-ma,1,"Williamstown MA, Williams College",00016195,R399,corporate,1793-,,"[{""characterisation"":[""noc""],""dates"":""1793-"",""name"":""Williamstown MA, Williams College"",""ownerId"":""00016195"",""professionOrType"":[""uni""],""role"":""R399"",""type"":""corporate"",""variants"":[""Williamstown MA, Williams College, Chapin Library""]}]",,,,,,,,,,,,,,,,,,,,1,
02133844-p001,02133844,1,,1568,15 | 16,a,a,a,,"Handschriftlicher Vermerk: ""Erhardus Hirsiger""; handschriftliche Notiz Ende 15. Jh. auf dem Vorderspiegel (""her gabriel ..."", erster Vorbesitzer?)",e-sz,1,"Hirsinger, Erhard",00027929,R390,person,-1568,http://d-nb.info/gnd/1166900002,"[{""dates"":""-1568"",""externalId"":[""http://d-nb.info/gnd/1166900002""],""name"":""Hirsinger, Erhard"",""ownerId"":""00027929"",""role"":""R390"",""type"":""person""}]","Rotgefärbtes Schafleder mit Streicheisenlinien auf Holzdeckeln, Blindprägung: Lilienpalmette in Raute und Schriftband ""ave maria"", eine Metallschliesse (Architekturmotiv, Buchstaben ""ar"")",,,,,,,,,,"Rubriziert, rote Lombarden und Paragraphzeichen, Holzschnitte koloriert (Rot-, Gelb- und Grüntöne)",,,,,,,,,1,
02133844-p002,02133844,2,,,,a,a,a,a,"Handschriftlicher Besitzvermerk auf Titelseite: ""Sum Guilielmi Tryphaei Lucernensis. Emptus Salodori apud insigne equi ...""",e-sz,1,"Bletz, Hugo Wilhelmus",00028051,R390,person,1538-1600,http://d-nb.info/gnd/1031550445,"[{""dates"":""1538-1600"",""externalId"":[""http://d-nb.info/gnd/1031550445""],""name"":""Bletz, Hugo Wilhelmus"",""ownerId"":""00028051"",""role"":""R390"",""type"":""person""}]",,,,,,,,,,,,,,,,,,,,1,
02133844-p003,02133844,3,,1874,15 | 16 | 17 | 18 | 19,a,e,a,,Exlibris der Kapitelbibliothek (Wegmann 6641),e-sz,1,Stift St. Ursus Solothurn,00027884,R390,corporate,,http://d-nb.info/gnd/105266587X | https://www.helvetiasacra.ch/fr/database/114 | http://www.hls-dhs-dss.ch/textes/i/I12122.php,"[{""externalId"":[""http://d-nb.info/gnd/105266587X"",""https://www.helvetiasacra.ch/fr/database/114"",""http://www.hls-dhs-dss.ch/textes/i/I12122.php""],""name"":""Stift St. Ursus Solothurn"",""ownerId"":""00027884"",""role"":""R390"",""type"":""corporate"",""variants"":[""Solothurn, Stift St. Ursus "",""Soleure, Chapitre collégial, S. Ours"",""Soleure, Chapitre cathédral"",""Solothurn, Kollegiatstift"",""Solothurn, Domkapitel"",""Solothurn, Collegial chapter"",""Solothurn, Cathedral chapter""]}]",,,,,,,,,,,,,,,,,,,,1,
02133844-p004,02133844,4,1883,1930,19 | 20,a,,c,,,e-sz,1,Kantonsbibliothek Solothurn,00027885,R390,corporate,,http://d-nb.info/gnd/5049329-2,"[{""externalId"":[""http://d-nb.info/gnd/5049329-2""],""name"":""Kantonsbibliothek Solothurn"",""ownerId"":""00027885"",""role"":""R390"",""type"":""corporate"",""variants"":[""Solothurn, Kantonsbibliothek"",""Solothurn, Kantonsbibliothek""]}]",,,,,,,,,,,,,,,,,,,,1,
02133844-p005,02133844,5,1930,,20,a,,a,e,,e-sz,1,Zentralbibliothek Solothurn,00027859,R399,corporate,,,"[{""name"":""Zentralbibliothek Solothurn"",""ownerId"":""00027859"",""professionOrType"":[""lib""],""role"":""R399"",""type"":""corporate"",""variants"":[""Solothurn, Zentralbibliothek""]}]", ,,,,,,,,,,,,,,,,,,,1,
00559198-p001,00559198,1,,,,,,,,,,1,"Stoltzin, Catharina",00018574,R390,person,15th cent.,,"[{""dates"":""15th cent."",""name"":""Stoltzin, Catharina"",""ownerId"":""00018574"",""role"":""R390"",""type"":""person""}]",,,,,,,,,,,,,,,,,,,,0,
00559198-p002,00559198,2,,,,,,,,,,1,"Bradshaw, Henry",00018465,R390,person,1831-1886,,"[{""dates"":""1831-1886"",""name"":""Bradshaw, Henry"",""ownerId"":""00018465"",""role"":""R390"",""type"":""person""}]",,,,,,,,,,,,,,,,,,,,0,
00559198-p003,00559198,3,,,,,,,,,,1,"Culemann, F. G. H. (Friedrich Georg Hermann)",3354,R390,person,1811-1886,http://thesaurus.cerl.org/record/cnp01448059 | https://archive.org/details/bub_gb_1WVbAAAAQAAJ/page/n7/mode/1up,"[{""dates"":""1811-1886"",""externalId"":[""http://thesaurus.cerl.org/record/cnp01448059"",""https://archive.org/details/bub_gb_1WVbAAAAQAAJ/page/n7/mode/1up""],""name"":""Culemann, F. G. H. (Friedrich Georg Hermann)"",""ownerId"":""3354"",""role"":""R390"",""type"":""person"",""variants"":[""Culemann, Friedrich Georg Hermann"",""Culemann, Friedrich G. Herm.""]}]",,,,,,,,,,,,,,,,,,,,0,
00559198-p004,00559198,4,,,,a,,,,Fifteenth-century MSS. annotation to verso of sig. a1 of first bound item: Catharina Stoltzin. Nineteenth-century printed book label to front pastedown: University Library Cambridge from the Library of Henry Bradshaw 1886. MSS. annotation in Bradshaw's hand on front flyleaf: Culemann sale (Sotheby's Feb. 10. 1870) Lot 583. Â£20.0.0. Annotation: Occasional contemporary annotation [cropped by binder] in first bound item (cf. quire B) and underlining throughout all three bound items.,e-uk-en,1,Cambridge University Library,3463,R390,corporate,,http://thesaurus.cerl.org/record/cnc00002301,"[{""characterisation"":[""noc""],""externalId"":[""http://thesaurus.cerl.org/record/cnc00002301""],""name"":""Cambridge University Library"",""ownerId"":""3463"",""professionOrType"":[""lib""],""role"":""R390"",""type"":""corporate"",""variants"":[""Cambridge, University, Library"",""University Library, Cambridge"",""University of Cambridge, Cambridge University Library"",""University of Cambridge, Library"",""University of Cambridge, University Library""]}]","Eighteenth-century full calf; double blind fillet to form a border; gilt tooled on inner hinge; rebacked, spine entirely replaced; direct-lettered in gilt.",,,,,,,,,,,,,,,,,,,1,
02010646-p001,02010646,1,1481,1500,15,a,l,a,,,,0,,,,,,,,,,,,,,,,,Initials are supplied in red (partly oxidised). ,,,,,,,,,,0,
02010646-p002,02010646,2,,,,a,m,a,,,,0,,,,,,,,,,,,,,,,,,,,"16th century, anonymous, mss notes (from palaeographical evidence). ",,,,,,,0,"{""msFrequency"":""a""}"
02010646-p003,02010646,3,1501,1600,16,a,a,,,On the last leaf: erased inscription `Roberti Plerker? [...]' in light-brown ink,e-uk,0,,,,,,,,,,,,,,,,,,,,,,,,,,,0,
02010646-p004,02010646,4,1581,1610,16 | 17,a,n,,,"This book is described in the catalogue of Whitgift's library (LPL, MS Film 21, f. 172).",e-uk,1,"Whitgift, John <Archbishop of Canterbury>",3522,R390,person,1530 - 1604,http://thesaurus.cerl.org/record/cnp00552955,"[{""characterisation"":[""rel""],""dates"":""1530 - 1604"",""externalId"":[""http://thesaurus.cerl.org/record/cnp00552955""],""gender"":""1002"",""name"":""Whitgift, John <Archbishop of Canterbury>"",""ownerId"":""3522"",""role"":""R390"",""type"":""person"",""variants"":[""Whitgifte, John""]}]",Gold-tooled Arms of John Whitgift on both covers,t,c,e,b,g,,,,,,,,,,,,,,1,"{""edges"":""b"",""gauffered"":""d"",""titling"":[""b""],""tooling"":""b"",""writingOnEdges"":""d""}"
02010646-p005,02010646,5,1601,1610,17,a,n,,a,"This book is described in the catalogue of Bancroft's library (LPL, LR/F/1, f. 33r). He probably bought it in agreement with Whitgift's relatives after the latter's death (see: David Pearson, The Libraries of English Bishops, 1600-40, in: The Library, 6th ser., XIV (1992), p. 256). ",e-uk,1,"Bancroft, Richard",3464,R390,person,1544 - 1610,http://thesaurus.cerl.org/record/cnp01306934,"[{""characterisation"":[""rel""],""dates"":""1544 - 1610"",""externalId"":[""http://thesaurus.cerl.org/record/cnp01306934""],""gender"":""1002"",""name"":""Bancroft, Richard"",""note"":""Archbishop of Canterbury (1604 - 1610)"",""ownerId"":""3464"",""role"":""R390"",""type"":""person""}]",,,,,,,,,,,,,,,,,,,,1,
02010646-p006,02010646,6,1601,1650,17,a,n,,c,This book was bequeathed by Bancroft to Lambeth Palace Library that he founded in 1610 according to his will.  ,e-uk,1,"London, Lambeth Palace Library",3462,R390,corporate,1610 -,http://thesaurus.cerl.org/record/cnc00021687,"[{""characterisation"":[""rel""],""dates"":""1610 - "",""externalId"":[""http://thesaurus.cerl.org/record/cnc00021687""],""name"":""London, Lambeth Palace Library"",""ownerId"":""3462"",""role"":""R390"",""type"":""corporate""}]",,,,,,,,,,,,,,,,,,,,1,
02010646-p007,02010646,7,1641,1670,17,a,o,a,e,The shelfmark indicates that this book was kept in Cambridge from 1648/9 to 1664. ,e-uk,1,Cambridge University Library,3463,R390,corporate,,http://thesaurus.cerl.org/record/cnc00002301,"[{""characterisation"":[""noc""],""externalId"":[""http://thesaurus.cerl.org/record/cnc00002301""],""name"":""Cambridge University Library"",""ownerId"":""3463"",""role"":""R390"",""type"":""corporate"",""variants"":[""Cambridge, University, Library"",""University Library, Cambridge"",""University of Cambridge, Cambridge University Library"",""University of Cambridge, Library"",""University of Cambridge, University Library""]}]",,,,,,,,,,,,,,,"[{""note"":""On the front paste-down and in Cambridge catalogue (153r): `C. nu. 32.' in black ink"",""pattern"":""43""}]",,,,,1,
02010646-p008,02010646,8,1661,,17,a,o,,e,"This book is described in the catalogue of the books returning from Cambridge in 1664 (LPL, Printed books, 1684-1691, LR/F/9).",e-uk,1,"London, Lambeth Palace Library",3462,R399,corporate,1610 -,http://thesaurus.cerl.org/record/cnc00021687,"[{""characterisation"":[""rel""],""dates"":""1610 - "",""externalId"":[""http://thesaurus.cerl.org/record/cnc00021687""],""name"":""London, Lambeth Palace Library"",""ownerId"":""3462"",""role"":""R399"",""type"":""corporate""}]",,,,,,,,,,,,,,Octagonal stamp of `Bibliotheca Lambethana' in black ink,"[{""note"":""In the catalogue (f. 18r): `7. T. 1.'"",""pattern"":""40""}]",,,,,1,
02128155-p001,02128155,1,1489,1550,15 | 16,a,l | m,a,x,,,0,,,,,,,,,,,,,,,,,"Iniziali, segni di paragrafo e maiuscole toccate in rosso.",,,Sporadici notabilia della medesima mano responsabile delle iniziali a inchiostro rosso.,,,,,,,0,"{""hasMsExtractedKeywords"":""1"",""hasMsReadingMarks"":""1"",""hasMsStructuring"":""1"",""hasPenInitials"":""1"",""msFrequency"":""a"",""msLocation"":""c""}"
02128155-p002,02128155,2,1501,1600,16,a,k,a,x,,,0,,,,,,,,"Legatura cinquecentesca in piena pelle su piatti in cartone; una cornice esterna decorata a motivi antiquari; nello specchio tre bande giustapposte, di cui la centrale riprende gli stessi fregi della cornice esterna. Tracce di due legacci non conservati.",t,c,a,b,g,150,120,32,,,,,,,,,,,0,"{""edges"":""d"",""furniture"":""1"",""gauffered"":""d"",""titling"":[""z""],""tooling"":""a"",""writingOnEdges"":""d""}"
02128155-p003,02128155,3,1501,1600,16,a,a,a,x,"Al contropiatto posteriore nota di possesso di mano cinquecentesca: ""Cartuusia [sic] Mediolani"".",e-it,1,"Monastero di Santa Maria Agnus Dei e Sant'Ambrogio, Garegnano",1275,R390,corporate,1349-1782,,"[{""characterisation"":[""rel""],""dates"":""1349-1782"",""name"":""Monastero di Santa Maria Agnus Dei e Sant'Ambrogio, Garegnano"",""ownerId"":""1275"",""professionOrType"":[""rei""],""role"":""R390"",""type"":""corporate"",""variants"":[""Garegnano (Milan0), Certosini, Santa Maria Agnus Dei e Sant'Ambrogio, OCart""]}]",,,,,,,,,,,,,,,,,,,,1,
02128155-p004,02128155,4,1782,,18,a,o,a,e,"Al contropiatto anteriore segnatura di collocazione ""AP. XIX. 10"" e altra nota ""Inv. 3199 a 3202 L."". Timbro della Biblioteca Braidense.",e-it,1,"Milano, Biblioteca Nazionale Braidense",2832,R399,corporate,1770-,http://thesaurus.cerl.org/record/cnc00011849,"[{""characterisation"":[""noc""],""dates"":""1770-"",""externalId"":[""http://thesaurus.cerl.org/record/cnc00011849""],""name"":""Milano, Biblioteca Nazionale Braidense"",""ownerId"":""2832"",""professionOrType"":[""lib""],""role"":""R399"",""type"":""corporate"",""variants"":[""Imperial Regia Bibliotheca Mediolanensis""]}]",,,,,,,,,,,,,,"Timbro ellissoidale a inchiostro rosso con sigla ""I R B M"" [Imperialis Regia Bibliotheca Mediolanensis] in uso dal 1780 al 1831.",,,,,,1,
02128158-p001,02128158,1,1491,1550,15 | 16,a,l,a,x,,,0,,,,,,,,,,,,,,,,,"Iniziali, segni di paragrafo e maiuscole toccate in rosso.",,,,,,,,,,0,
02128158-p002,02128158,2,1501,1782,16 | 17 | 18,a,,a,,,e-it,1,"Monastero di Santa Maria Agnus Dei e Sant'Ambrogio, Garegnano",1275,R390,corporate,1349-1782,,"[{""characterisation"":[""rel""],""dates"":""1349-1782"",""name"":""Monastero di Santa Maria Agnus Dei e Sant'Ambrogio, Garegnano"",""ownerId"":""1275"",""professionOrType"":[""rei""],""role"":""R390"",""type"":""corporate"",""variants"":[""Garegnano (Milan0), Certosini, Santa Maria Agnus Dei e Sant'Ambrogio, OCart""]}]",,,,,,,,,,,,,,,,,,,,1,
02128158-p003,02128158,3,1782,,18,a,,a,,,e-it,1,"Milano, Biblioteca Nazionale Braidense",2832,R399,corporate,1770-,http://thesaurus.cerl.org/record/cnc00011849,"[{""characterisation"":[""noc""],""dates"":""1770-"",""externalId"":[""http://thesaurus.cerl.org/record/cnc00011849""],""name"":""Milano, Biblioteca Nazionale Braidense"",""ownerId"":""2832"",""professionOrType"":[""lib""],""role"":""R399"",""type"":""corporate"",""variants"":[""Imperial Regia Bibliotheca Mediolanensis""]}]",,,,,,,,,,,,,,,,,,,,1,
00203573-p001,00203573,1,1401,1600,15 | 16,,,,,Provenance: Petrus Rodolphi (fifteenth/sixteenth century); his name in an early hand on front endleaf: 'Petrus Rodolphi presbiter'.,,1,"Rodolphi, Petrus (fifteenth/sixteenth century)",00014054,,per,,"https://aeolus.bodleian.ox.ac.uk/collections/incunables/provenances_for_mei.xml#xpointer(//*[@id=""3089""])","[{""externalId"":[""https://aeolus.bodleian.ox.ac.uk/collections/incunables/provenances_for_mei.xml#xpointer(//*[@id=\""3089\""])""],""name"":""Rodolphi, Petrus (fifteenth/sixteenth century)"",""note"":""priest."",""ownerId"":""00014054"",""type"":""per""}]",,,,,,,,,,,,,,,,,,,,0,
00203573-p002,00203573,2,1601,1800,17 | 18,,,,,"Richard Rawlinson (1690-1755); armorial book-plate: see Howe, Book Plates, 24628.",,1,"Rawlinson, Richard (1690-1755)",00013955,,per,1690 - 1755,https://aeolus.bodleian.ox.ac.uk/collections/incunables/provenances_for_mei.xml#xpointer(//*[@id= | http://thesaurus.cerl.org/record/cnp00403572 | https://bookowners.online/Richard_Rawlinson_1690-1755,"[{""dates"":""1690 - 1755"",""externalId"":[""https://aeolus.bodleian.ox.ac.uk/collections/incunables/provenances_for_mei.xml#xpointer(//*[@id="",""http://thesaurus.cerl.org/record/cnp00403572"",""https://bookowners.online/Richard_Rawlinson_1690-1755""],""name"":""Rawlinson, Richard (1690-1755)"",""note"":""nonjuring bishop; made numerous donations in his lifetime and bequeathed to the Bodleian Library his manuscripts and those printed books which contained manuscript notes; Rawlinson's books include some owned by Thomas Hearne, who bequeathed all his manuscripts and printed books with manuscript notes to William Bedford, from whose widow Rawlinson bought them; see Macray 231-51, Stanley Gillam, `Thomas Hearne's Library', BLR 12 (1985), 52-64, at 60-1; William Younger Fletcher, `The Rawlinsons and their Collections', Transactions of the Bibliographical Society, 5 (1899), 67-86; Georgian Rawlinson Tashjian, David R. Tashjian, and Brian J. Enright, Richard Rawlinson: A Tercentenary Memorial (Kalamazoo, Mich., 1990); DNB; B. J. Enright `Rawlinson and the Chandlers', BLR 4 (1953), 216-17, repr. with modifications in Tashjian, Tashjian, and Enright, 121-32; idem, `Richard Rawlinson Collector, Antiquary, and Topographer', unpublished D.Phil. thesis, University of Oxford, 1956; idem, `“I Collect and I Preserve”: Richard Rawlinson 1690-1755 and Eighteenth-century Book Collecting. Portrait of a Bibliophile XXVIII', Book Collector, 39 (1990), 27-54, repr. in The Pleasures of Bibliophily: Fifty Years of `The Book Collector' (London, 2003), 205-23; Robert A. Shaddy, `Thomas Rawlinson (1681-1725) and Richard Rawlinson (1690-1755)', in Pre-Nineteenth-century British Book- collectors and Bibliographers, ed. William Baker and Kenneth Womack, DLB 213 (Detroit, Washington DC, and London, 1999), 288-96; SC III 177-8."",""ownerId"":""00013955"",""type"":""per"",""variants"":[""Rawlinson, Richard""]}]",,,,,,,,,,,,,,,,,,,,0,
00203573-p003,00203573,3,1701,1800,18,,,,,Edward Betham (1707-1783).,,1,"Betham, Edward (1707-1783)",00011453,,per,1707 - 1783,https://aeolus.bodleian.ox.ac.uk/collections/incunables/provenances_for_mei.xml#xpointer(//*[@id=,"[{""dates"":""1707 - 1783"",""externalId"":[""https://aeolus.bodleian.ox.ac.uk/collections/incunables/provenances_for_mei.xml#xpointer(//*[@id=""],""name"":""Betham, Edward (1707-1783)"",""note"":""Fellow of King's College, Cambridge; see DNB."",""ownerId"":""00011453"",""type"":""per""}]",,,,,,,,,,,,,,,,,,,,0,
00203573-p004,00203573,4,1701,1900,18 | 19,,,,,Richard Gough (1735-1809); inscription on front pastedown: 'R. G. e libris Ed. Betham 1784'.,,1,"Gough, Richard (1735-1809)",00012517,,per,1735 - 1809,"https://aeolus.bodleian.ox.ac.uk/collections/incunables/provenances_for_mei.xml#xpointer(//*[@id=""1489""])","[{""dates"":""1735 - 1809"",""externalId"":[""https://aeolus.bodleian.ox.ac.uk/collections/incunables/provenances_for_mei.xml#xpointer(//*[@id=\""1489\""])""],""name"":""Gough, Richard (1735-1809)"",""note"":""bequeathed to the Bodleian Library large sections of his collections, including the pre-Reformation service books, which are of particular note here; A Catalogue of Books Relating to British Topography and Saxon and Northern Literature Bequeathed to the Bodleian Library... by Richard Gough (Oxford, 1814); DNB; Macray 285-90; Craster 79; I. G.Philip, `The Bodleian Library', in Nineteenth-Century Oxford, Part I, ed. M. G. Brock and M. C. Curthoys, The History of the University of Oxford, 6 (Oxford, 1997), 585-97, at 591-2; Rosemary Sweet, Antiquaries: The Discovery of the Past in Eighteenth-century Britain (London and New York, 2004), ad indicem."",""ownerId"":""00012517"",""type"":""per"",""variants"":[""Gough, Richard""]}]",,,,,,,,,,,,,,,,,,,,0,
00203573-p005,00203573,5,,,,,,,,,e-uk,1,"Oxford, Bodleian library",4209,,corporate,1602 -,http://thesaurus.cerl.org/record/cnc00013057,"[{""characterisation"":[""noc""],""dates"":""1602 -"",""externalId"":[""http://thesaurus.cerl.org/record/cnc00013057""],""name"":""Oxford, Bodleian library"",""ownerId"":4209,""professionOrType"":[""uni""],""type"":""corporate""}]",,,,,,,,,,,,,,,,,,,,1,
00205588-p001,00205588,1,1701,1900,18 | 19,,,,,Provenance: Francis Douce (1757-1834); armorial book-plate.,e-uk-en,1,"Douce, Francis (1757-1834)",00012106,R390,per,1757 - 1834,http://thesaurus.cerl.org/record/cnp01319667,"[{""characterisation"":[""noc""],""dates"":""1757 - 1834"",""externalId"":[""http://thesaurus.cerl.org/record/cnp01319667""],""gender"":1002,""name"":""Douce, Francis (1757-1834)"",""note"":""Keeper of Manuscripts at the British Museum, bequeathed his collection to the Bodleian Library; see Catalogue of the Printed Books and Manuscripts Bequeathed by Francis Douce to the Bodleian Library (Oxford, 1840); Macray 326; Craster 15-16; `Francis Douce 1757-1834', BQR 7 (1934), 359-84; Munby, Connoisseurs, esp. 35-56; David Rogers, `Francis Douce's Manuscripts: Some Hitherto Unrecognized Provenances', in Studies in the Book Trade in Honour of Graham Pollard (Oxford, 1975), 315-40; Douce Legacy; P. R. Harris, A History of the British Museum Library 1753-1973 (London, 1998), ad indicem; I. G. Philip, `The Bodleian Library', in Nineteenth-Century Oxford, Part I, ed. M. G. Brock and M. C. Curthoys, The History of the University of Oxford, 6 (Oxford, 1997), 585-97, at 593."",""ownerId"":""00012106"",""professionOrType"":[""scl""],""role"":""R390"",""type"":""per"",""variants"":[""Douce, Francis""]}]",,,,,,,,,,,,,,,,,,,,1,
00205588-p002,00205588,2,,,,,,,,,e-uk,1,"Oxford, Bodleian library",4209,,corporate,1602 -,http://thesaurus.cerl.org/record/cnc00013057,"[{""characterisation"":[""noc""],""dates"":""1602 -"",""externalId"":[""http://thesaurus.cerl.org/record/cnc00013057""],""name"":""Oxford, Bodleian library"",""ownerId"":4209,""professionOrType"":[""uni""],""type"":""corporate""}]",,,,,,,,,,,,,,,,,,,,1,
02010645-p001,02010645,1,1481,1500,15,a,l,a,,,,0,,,,,,,,,,,,,,,,,Initials are supplied in red (partly oxidised).,,,,,,,,,,0,
02010645-p002,02010645,2,,,,a,m,a,,,,0,,,,,,,,,,,,,,,,,,,,"16th century, anonymous, mss notes (from palaeographical evidence). ",,,,,,,0,"{""msFrequency"":""a""}"
02010645-p003,02010645,3,1581,1610,16 | 17,a,n,,,"This book is described in the catalogue of Whitgift's library (LPL, MS Film 21, f. 172).",e-uk,1,"Whitgift, John <Archbishop of Canterbury>",3522,R390,person,1530 - 1604,http://thesaurus.cerl.org/record/cnp00552955,"[{""characterisation"":[""rel""],""dates"":""1530 - 1604"",""externalId"":[""http://thesaurus.cerl.org/record/cnp00552955""],""gender"":""1002"",""name"":""Whitgift, John <Archbishop of Canterbury>"",""ownerId"":""3522"",""role"":""R390"",""type"":""person"",""variants"":[""Whitgifte, John""]}]",Gold-tooled Arms of John Whitgift on both covers,t,c,e,b,g,,,,,,,,,,,,,,1,"{""edges"":""b"",""gauffered"":""d"",""titling"":[""b""],""tooling"":""b"",""writingOnEdges"":""d""}"
02010645-p004,02010645,4,1601,1610,17,a,n,,a,"This book is described in the catalogue of Bancroft's library (LPL, LR/F/1, f. 33r). He probably bought it in agreement with Whitgift's relatives after the latter's death (see: David Pearson, The Libraries of English Bishops, 1600-40, in: The Library, 6th ser., XIV (1992), p. 256). ",e-uk,1,"Bancroft, Richard",3464,R390,person,1544 - 1610,http://thesaurus.cerl.org/record/cnp01306934,"[{""characterisation"":[""rel""],""dates"":""1544 - 1610"",""externalId"":[""http://thesaurus.cerl.org/record/cnp01306934""],""gender"":""1002"",""name"":""Bancroft, Richard"",""note"":""Archbishop of Canterbury (1604 - 1610)"",""ownerId"":""3464"",""role"":""R390"",""type"":""person""}]",,,,,,,,,,,,,,,,,,,,1,
02010645-p005,02010645,5,1601,1650,17,a,n,,c,This book was bequeathed by Bancroft to Lambeth Palace Library that he founded in 1610 according to his will.  ,e-uk,1,"London, Lambeth Palace Library",3462,R390,corporate,1610 -,http://thesaurus.cerl.org/record/cnc00021687,"[{""characterisation"":[""rel""],""dates"":""1610 - "",""externalId"":[""http://thesaurus.cerl.org/record/cnc00021687""],""name"":""London, Lambeth Palace Library"",""ownerId"":""3462"",""role"":""R390"",""type"":""corporate""}]",,,,,,,,,,,,,,,,,,,,1,
02010645-p006,02010645,6,1641,1670,17,a,o,a,e,The shelfmark indicates that this book was kept in Cambridge from 1648/9 to 1664. ,e-uk,1,Cambridge University Library,3463,R390,corporate,,http://thesaurus.cerl.org/record/cnc00002301,"[{""characterisation"":[""noc""],""externalId"":[""http://thesaurus.cerl.org/record/cnc00002301""],""name"":""Cambridge University Library"",""ownerId"":""3463"",""role"":""R390"",""type"":""corporate"",""variants"":[""Cambridge, University, Library"",""University Library, Cambridge"",""University of Cambridge, Cambridge University Library"",""University of Cambridge, Library"",""University of Cambridge, University Library""]}]",,,,,,,,,,,,,,,"[{""note"":""On the front paste-down and in Cambridge catalogue (153r): `C. nu. 32.' in black ink"",""pattern"":""43""}]",,,,,1,
02010645-p007,02010645,7,1661,,17,a,o,,e,"This book is described in the catalogue of the books returning from Cambridge in 1664 (LPL, Printed books, 1684-1691, LR/F/9).",e-uk,1,"London, Lambeth Palace Library",3462,R399,corporate,1610 -,http://thesaurus.cerl.org/record/cnc00021687,"[{""characterisation"":[""rel""],""dates"":""1610 - "",""externalId"":[""http://thesaurus.cerl.org/record/cnc00021687""],""name"":""London, Lambeth Palace Library"",""ownerId"":""3462"",""role"":""R399"",""type"":""corporate""}]",,,,,,,,,,,,,,Octagonal stamp of `Bibliotheca Lambethana' in black ink,"[{""note"":""In the catalogue (f. 18r): `7. T. 1.'"",""pattern"":""40""}]",,,,,1,
02128156-p001,02128156,1,1489,1550,15 | 16,a,l,a,x,,,0,,,,,,,,,,,,,,,,,"Iniziali, segni di paragrafo e maiuscole toccate in rosso.",,,,,,,,,,0,"{""hasPenInitials"":""1""}"
02128156-p002,02128156,2,1501,1782,16 | 17 | 18,a,n,a,x,"Alla c. a1r, di mano seicentesca: >""Auctore R. Patre D. Dionijsio a Rickel carthusiano. Consule Theodorum Petreium in sua Bibliotheca Cartusiana fo. 68"",",e-it,1,"Monastero di Santa Maria Agnus Dei e Sant'Ambrogio, Garegnano",1275,R390,corporate,1349-1782,,"[{""characterisation"":[""rel""],""dates"":""1349-1782"",""name"":""Monastero di Santa Maria Agnus Dei e Sant'Ambrogio, Garegnano"",""ownerId"":""1275"",""professionOrType"":[""rei""],""role"":""R390"",""type"":""corporate"",""variants"":[""Garegnano (Milan0), Certosini, Santa Maria Agnus Dei e Sant'Ambrogio, OCart""]}]",,,,,,,,,,,,,,,,,,,,1,
02128156-p003,02128156,3,1782,,18,a,,a,,,e-it,1,"Milano, Biblioteca Nazionale Braidense",2832,R399,corporate,1770-,http://thesaurus.cerl.org/record/cnc00011849,"[{""characterisation"":[""noc""],""dates"":""1770-"",""externalId"":[""http://thesaurus.cerl.org/record/cnc00011849""],""name"":""Milano, Biblioteca Nazionale Braidense"",""ownerId"":""2832"",""professionOrType"":[""lib""],""role"":""R399"",""type"":""corporate"",""variants"":[""Imperial Regia Bibliotheca Mediolanensis""]}]",,,,,,,,,,,,,,,,,,,,1,
02176494-p001,02176494,1,1474,1511,15 | 16,b,k,a | g,g,,e-gw,1,"Cologne, binder, Drache I",00029724,R110,corporate,1474-1511,https://www.hist-einband.de/de/werkstattdetails.html?entityID=500951s,"[{""characterisation"":[""noc""],""dates"":""1474-1511"",""externalId"":[""https://www.hist-einband.de/de/werkstattdetails.html?entityID=500951s""],""name"":""Cologne, binder, Drache I"",""ownerId"":""00029724"",""professionOrType"":[""bkt""],""role"":""R110"",""type"":""corporate"",""variants"":[""Köln Drache Ia"",""Drachen I"",""Köln Brigittenkloster"",""Brigittenkloster L. b.""]}]","Calfskin binding over wood, with lines created by a scoring tool and blind-stamped with seven embossing stamps.",s,c,a,b,c,120,68,82,,,,,,,,,,15th/16th century,1,"{""edges"":""d"",""furniture"":""1"",""gauffered"":""d"",""titling"":[""c""],""tooling"":""a"",""writingOnEdges"":""d""}"
02176494-p002,02176494,2,1486,1500,15,a,l,a,g,Dates assumed,e-gx,1,"Anonymous rubricator, Germany",00027870,R680,person,1486-1500,,"[{""characterisation"":[""unk""],""dates"":""1486-1500"",""gender"":""1003"",""name"":""Anonymous rubricator, Germany"",""ownerId"":""00027870"",""professionOrType"":[""unk""],""role"":""R680"",""type"":""person""}]",,,,,,,,,,,"Rubrication with red ink: pen initials, paragraph signs",,,,,,,,15th century,1,"{""hasPenInitials"":""1"",""hasRubrication"":""1""}"
02176494-p003,02176494,3,1852,,19,a,a | h | o,a,,No information about purchase or donation in GNM library accession journal.,e-gx,1,"Nürnberg, Germanisches Nationalmuseum",00033981,R399,corporate,1852-,https://explore.gnd.network/gnd/36441-1 | http://data.cerl.org/thesaurus/cnc00036568,"[{""characterisation"":[""noc""],""dates"":""1852-"",""externalId"":[""https://explore.gnd.network/gnd/36441-1"",""http://data.cerl.org/thesaurus/cnc00036568""],""gender"":""1003"",""name"":""Nürnberg, Germanisches Nationalmuseum"",""ownerId"":""00033981"",""professionOrType"":[""mus""],""role"":""R399"",""type"":""corporate"",""variants"":[""Nuremberg, Germanisches National Museum""]}]",,,,,,,,,,,,,,,,,,,[1851?-],1,
