mapping_id,station_type,match_field,source_key,source_label,affected_station_count,source_context_ids,resolved_name,resolution_level,country_code,place_authority,place_authority_id,place_authority_url,place_wikidata_id,institution_wikidata_id,latitude,longitude,resolution_status,resolution_method,source_record_url,resolution_note,match_context_field,match_context_key,apply_to_existing_coordinates
print_place-antwerpen,print_place,place_name,Antwerpen,Antwerpen,2,13403,Antwerp,city,BE,GeoNames,2803138,https://www.geonames.org/2803138,,,51.21989,4.40346,resolved,verified_geonames_city,https://gesamtkatalogderwiegendrucke.de/docs/GW13403.htm,
print_place-basel,print_place,place_name,Basel,Basel,10,04168 | 04175,Basel,city,CH,GeoNames,2661604,https://www.geonames.org/2661604,,,47.55839,7.57327,resolved,reused_mei_geonames,https://gesamtkatalogderwiegendrucke.de/docs/GW04168.htm | https://gesamtkatalogderwiegendrucke.de/docs/GW04175.htm,
print_place-delft,print_place,place_name,Delft,Delft,5,13424,Delft,city,NL,GeoNames,2757345,https://www.geonames.org/2757345,,,52.00667,4.35556,resolved,verified_geonames_city,https://gesamtkatalogderwiegendrucke.de/docs/GW13424.htm,
print_place-ferrara,print_place,place_name,Ferrara,Ferrara,7,13330,Ferrara,city,IT,GeoNames,3177090,https://www.geonames.org/3177090,,,44.83804,11.62057,resolved,verified_geonames_city,https://gesamtkatalogderwiegendrucke.de/docs/GW13330.htm,The earlier MEI-derived GeoNames ID 6299592 identifies a bus-terminal/airport feature rather than the city; this mapping uses the populated-place record.
print_place-florenz,print_place,place_name,Florenz,Florenz,10,13391 | 13394,Florence,city,IT,GeoNames,3176959,https://www.geonames.org/3176959,,,43.77925,11.24626,resolved,reused_mei_geonames,https://gesamtkatalogderwiegendrucke.de/docs/GW13391.htm | https://gesamtkatalogderwiegendrucke.de/docs/GW13394.htm,
print_place-gouda,print_place,place_name,Gouda,Gouda,1,13413,Gouda,city,NL,GeoNames,2755420,https://www.geonames.org/2755420,,,52.01667,4.70833,resolved,verified_geonames_city,https://gesamtkatalogderwiegendrucke.de/docs/GW13413.htm,
print_place-italien,print_place,place_name,Italien,Italien,1,13328,Italy,country,IT,,,,,,,,country_only,country_only,https://gesamtkatalogderwiegendrucke.de/docs/GW13328.htm,GW supplies only a country-level printing statement; no point is assigned.
print_place-krakau,print_place,place_name,Krakau,Krakau,1,13447,Krakow,city,PL,GeoNames,3094802,https://www.geonames.org/3094802,,,50.06143,19.93658,resolved,verified_geonames_city,https://gesamtkatalogderwiegendrucke.de/docs/GW13447.htm,
print_place-koeln,print_place,place_name,Köln,Köln,3,04172,Cologne,city,DE,GeoNames,2886242,https://www.geonames.org/2886242,,,50.93333,6.95,resolved,reused_mei_geonames,https://gesamtkatalogderwiegendrucke.de/docs/GW04172.htm,
print_place-leiden,print_place,place_name,Leiden,Leiden,2,13432,Leiden,city,NL,GeoNames,2751773,https://www.geonames.org/2751773,,,52.15833,4.49306,resolved,verified_geonames_city,https://gesamtkatalogderwiegendrucke.de/docs/GW13432.htm,
print_place-leipzig,print_place,place_name,Leipzig,Leipzig,1,12956,Leipzig,city,DE,GeoNames,2879139,https://www.geonames.org/2879139,,,51.33962,12.37129,resolved,verified_geonames_city,https://gesamtkatalogderwiegendrucke.de/docs/GW12956.htm,
print_place-london,print_place,place_name,London,London,2,13013,London,city,GB,GeoNames,2643743,https://www.geonames.org/2643743,,,51.50853,-0.12574,resolved,reused_mei_geonames,https://gesamtkatalogderwiegendrucke.de/docs/GW13013.htm,
print_place-montserrat,print_place,place_name,Montserrat,Montserrat,1,13441,Montserrat,locality,,,,,,,,,ambiguous,alternative_attributions,https://gesamtkatalogderwiegendrucke.de/docs/GW13441.htm,"The unsigned edition is attributed through its type. The two catalogue statements form coupled hypotheses: Barcelona with [1498?] in ISTC/MEI, when Johannes Luschner was active there; or Montserrat with circa 1499 in GW, after Luschner was called to establish a press at the Benedictine abbey. The surviving evidence does not decide between them, so no point is assigned.",source_record_id,13441
print_place-neapel,print_place,place_name,Neapel,Neapel,13,1333510 | 13337,Naples,city,IT,GeoNames,3172394,https://www.geonames.org/3172394,,,40.85216,14.26811,resolved,reused_mei_geonames,https://gesamtkatalogderwiegendrucke.de/docs/GW1333510.htm | https://gesamtkatalogderwiegendrucke.de/docs/GW13337.htm,
print_place-paris-oder-rouen,print_place,place_name,Paris oder Rouen,Paris oder Rouen,2,13093,Paris or Rouen,multiple,,,,,,,,,ambiguous,ambiguous,https://gesamtkatalogderwiegendrucke.de/docs/GW13093.htm,The catalogue statement names two alternatives; no single point is assigned.
print_place-rom,print_place,place_name,Rom,Rom,1,13353,Rome,city,IT,GeoNames,3169070,https://www.geonames.org/3169070,,,41.89193,12.51133,resolved,reused_mei_geonames,https://gesamtkatalogderwiegendrucke.de/docs/GW13353.htm,
print_place-schoonhoven,print_place,place_name,Schoonhoven,Schoonhoven,4,13438,Schoonhoven,city,NL,GeoNames,2747506,https://www.geonames.org/2747506,Q478036,,51.94750,4.84861,resolved,verified_geonames_city,https://gesamtkatalogderwiegendrucke.de/docs/GW13438.htm,
print_place-strassburg,print_place,place_name,Strassburg,Strassburg,2,12969,Strasbourg,city,FR,GeoNames,2973783,https://www.geonames.org/2973783,,,48.58392,7.74553,resolved,verified_geonames_city,https://gesamtkatalogderwiegendrucke.de/docs/GW12969.htm,
print_place-utrecht,print_place,place_name,Utrecht,Utrecht,2,M39208,Utrecht,city,NL,GeoNames,2745912,https://www.geonames.org/2745912,,,52.09083,5.12222,resolved,verified_geonames_city,https://gesamtkatalogderwiegendrucke.de/docs/GWM39208.htm,
print_place-venedig,print_place,place_name,Venedig,Venedig,3,13360 | 1338820N,Venice,city,IT,GeoNames,3164603,https://www.geonames.org/3164603,,,45.43713,12.33265,resolved,verified_geonames_city,https://gesamtkatalogderwiegendrucke.de/docs/GW13360.htm | https://gesamtkatalogderwiegendrucke.de/docs/GW1338820N.htm,
print_place-westminster,print_place,place_name,Westminster,Westminster,1,13021,Westminster,locality,GB,GeoNames,2634341,https://www.geonames.org/2634341,Q189960,,51.50040,-0.12650,resolved,verified_geonames_city,https://gesamtkatalogderwiegendrucke.de/docs/GW13021.htm,
provenance_place-firenze,provenance_place,place_name,Firenze,Firenze,1,02003958-p001,Florence,city,IT,GeoNames,3176959,https://www.geonames.org/3176959,,,43.77925,11.24626,resolved,reused_mei_geonames,https://data.cerl.org/mei/02003958,
provenance_place-italien,provenance_place,place_name,Italien,Italien,3,02004011-p001 | 02004012-p001 | 02004013-p001,Italy,country,IT,,,,,,,,country_only,country_only,https://data.cerl.org/mei/02004011 | https://data.cerl.org/mei/02004012 | https://data.cerl.org/mei/02004013,MEI supplies only a country-level place statement; no point is assigned.
provenance_place-london,provenance_place,place_name,London,London,2,00200533-p005 | 00200533-p006,London,city,GB,GeoNames,2643743,https://www.geonames.org/2643743,,,51.50853,-0.12574,resolved,reused_mei_geonames,https://data.cerl.org/mei/00200533,
provenance_place-ferrara,provenance_place,place_name,Ferrara,Ferrara,2,02000909-p001 | 02000909-p002,Ferrara,city,IT,GeoNames,3177090,https://www.geonames.org/3177090,,,44.83804,11.62057,resolved,corrected_mei_geonames,https://data.cerl.org/mei/02000909,The MEI-supplied GeoNames ID 6299592 identifies a bus-terminal/airport feature; the analytical map layer corrects it to the populated-place record.,,,true
provenance_place-paris,provenance_place,place_name,Paris,Paris,5,02003992-p004 | 02004013-p002 | 02004012-p003 | 02004012-p004 | 02003961-p002,Paris,city,FR,GeoNames,2988507,https://www.geonames.org/2988507,Q90,,48.85341,2.3488,resolved,normalised_geonames_city,https://data.cerl.org/mei/02003992 | https://data.cerl.org/mei/02004013 | https://data.cerl.org/mei/02004012 | https://data.cerl.org/mei/02003961,MEI uses two different GeoNames records for Paris in the pilot; the analytical map layer consistently uses the capital record 2988507.,,,true
provenance_place-schwarzau-am-steinfeld-vienna,provenance_place,place_name,Schwarzau am Steinfeld (Vienna)?,Schwarzau am Steinfeld (Vienna)?,1,02003961-p003,Schwarzau am Steinfeld (Vienna)?,locality,,,,,,,,,needs_review,needs_review,https://data.cerl.org/mei/02003961,The source label is explicitly uncertain and combines Schwarzau am Steinfeld with Vienna; no point is assigned automatically.,source_record_id,02003961-p003
provenance_place-tuebingen,provenance_place,place_name,Tübingen,Tübingen,1,02135612-p001,Tübingen,city,DE,GeoNames,2820860,https://www.geonames.org/2820860,Q3806,,48.52266,9.05222,resolved,verified_geonames_city,https://data.cerl.org/mei/02135612,
current_holding-baltimoremdwalters,current_holding,institution_id,BaltimoreMDWalters,"Baltimore MD, The Walters Art Museum Library",1,00200539,Baltimore,city,US,GeoNames,4347778,https://www.geonames.org/4347778,,,39.29038,-76.61219,resolved,cerl_holding_city_to_geonames,https://data.cerl.org/holdinst/BaltimoreMDWalters,"The holding institution is mapped to its city-level GeoNames point, not to building coordinates."
current_holding-berlinsb,current_holding,institution_id,BerlinSB,"Berlin, Staatsbibliothek",1,00200668,Berlin,city,DE,GeoNames,2950159,https://www.geonames.org/2950159,,Q170109,52.52437,13.41053,resolved,cerl_holding_city_to_geonames,https://data.cerl.org/holdinst/BerlinSB,"The holding institution is mapped to its city-level GeoNames point, not to building coordinates."
current_holding-bolognau,current_holding,institution_id,BolognaU,"Bologna, Biblioteca Universitaria",1,02003957,Bologna,city,IT,GeoNames,3181927,https://www.geonames.org/3181927,,,44.46667,11.43333,resolved,cerl_holding_city_to_geonames,https://data.cerl.org/holdinst/BolognaU,"The holding institution is mapped to its city-level GeoNames point, not to building coordinates."
current_holding-harvardhoughton,current_holding,institution_id,HarvardHoughton,"Cambridge MA, Harvard University, Houghton Library",1,02008999,Cambridge (Massachusetts),city,US,GeoNames,4931972,https://www.geonames.org/4931972,Q49111,,42.37510,-71.10561,resolved,cerl_holding_city_to_geonames,https://data.cerl.org/holdinst/HarvardHoughton,"The holding institution is mapped to its city-level GeoNames point, not to building coordinates."
current_holding-cambridgeul,current_holding,institution_id,CambridgeUL,"Cambridge, University Library",11,00200669 | 00559194 | 00559195 | 00559196 | 00559198 | 00559729 | 00560442 | 00560452 | 00560456 | 00560457 | 00560462,Cambridge,city,GB,GeoNames,2653941,https://www.geonames.org/2653941,,Q1028334,52.2,0.11667,resolved,cerl_holding_city_to_geonames,https://data.cerl.org/holdinst/CambridgeUL,"The holding institution is mapped to its city-level GeoNames point, not to building coordinates."
current_holding-thehaguemmw,current_holding,institution_id,TheHagueMMW,"Den Haag, Huis van het Boek ",5,02138264 | 02138782 | 02138784 | 02138785 | 02139272,The Hague,city,NL,GeoNames,2747373,https://www.geonames.org/2747373,,,52.07667,4.29861,resolved,cerl_holding_city_to_geonames,https://data.cerl.org/holdinst/TheHagueMMW,"The holding institution is mapped to its city-level GeoNames point, not to building coordinates."
current_holding-nlkb,current_holding,institution_id,NLKB,"Den Haag, Koninklijke Bibliotheek - Nationale Bibliotheek van Nederland",4,02100225 | 02100561 | 02101635 | 02101705,The Hague,city,NL,GeoNames,2747373,https://www.geonames.org/2747373,,,52.07667,4.29861,resolved,cerl_holding_city_to_geonames,https://data.cerl.org/holdinst/NLKB,"The holding institution is mapped to its city-level GeoNames point, not to building coordinates."
current_holding-deventersab,current_holding,institution_id,DeventerSAB,"Deventer, Athenaeumbibliotheek ",1,02150602,Deventer,city,NL,GeoNames,2756987,https://www.geonames.org/2756987,,,52.255,6.16389,resolved,cerl_holding_city_to_geonames,https://data.cerl.org/holdinst/DeventerSAB,"The holding institution is mapped to its city-level GeoNames point, not to building coordinates."
current_holding-ferrarac,current_holding,institution_id,FerraraC,"Ferrara, Biblioteca Comunale Ariostea",2,00200698 | 00200699,Ferrara,city,IT,GeoNames,3177090,https://www.geonames.org/3177090,,,44.83804,11.62057,resolved,cerl_holding_city_to_geonames,https://data.cerl.org/holdinst/FerraraC,"The holding institution is mapped to the Ferrara populated-place record, not to exact building coordinates. The earlier MEI-derived ID 6299592 identifies a bus-terminal/airport feature."
current_holding-firenzericc,current_holding,institution_id,FirenzeRicc,Firenze Biblioteca Riccardiana,2,00200671 | 02003958,Florence,city,IT,GeoNames,3176959,https://www.geonames.org/3176959,,,43.77925,11.24626,resolved,cerl_holding_city_to_geonames,https://data.cerl.org/holdinst/FirenzeRicc,"The holding institution is mapped to its city-level GeoNames point, not to building coordinates."
current_holding-firenzen,current_holding,institution_id,FirenzeN,"Firenze, Biblioteca Nazionale Centrale",3,00200670 | 00200693 | 00200694,Florence,city,IT,GeoNames,3176959,https://www.geonames.org/3176959,,,43.77925,11.24626,resolved,cerl_holding_city_to_geonames,https://data.cerl.org/holdinst/FirenzeN,"The holding institution is mapped to its city-level GeoNames point, not to building coordinates."
current_holding-histcopy,current_holding,institution_id,HistCopy,Historical Copy,2,00201166 | 00201167,Historical Copy,none,,,,,,,,,non_geographic,non_geographic,https://data.cerl.org/holdinst/HistCopy,CERL/MEI placeholder 'Historical Copy'; not a holding location.
current_holding-ljubljananuk,current_holding,institution_id,LjubljanaNUK,"Ljubljana, Narodna in univerzitetna knjižnica",1,00201995,Ljubljana,city,SI,GeoNames,3196359,https://www.geonames.org/3196359,,Q1520466,46.05108,14.50513,resolved,cerl_holding_city_to_geonames,https://data.cerl.org/holdinst/LjubljanaNUK,"The holding institution is mapped to its city-level GeoNames point, not to building coordinates."
current_holding-londonbl,current_holding,institution_id,LondonBL,"London, British Library",4,02000909 | 02000952 | 02137556 | 02149728,London,city,GB,GeoNames,2643743,https://www.geonames.org/2643743,,Q23308,51.50853,-0.12574,resolved,cerl_holding_city_to_geonames,https://data.cerl.org/holdinst/LondonBL,"The holding institution is mapped to its city-level GeoNames point, not to building coordinates."
current_holding-londoncdondi,current_holding,institution_id,LondonCDondi,"London, C. Dondi",1,00200533,London,city,GB,GeoNames,2643743,https://www.geonames.org/2643743,,,51.50853,-0.12574,resolved,cerl_holding_city_to_geonames,https://data.cerl.org/holdinst/LondonCDondi,"The holding institution is mapped to its city-level GeoNames point, not to building coordinates."
current_holding-londonlambeth,current_holding,institution_id,LondonLambeth,"London, Lambeth Palace Library",1,02010644,London,city,GB,GeoNames,2643743,https://www.geonames.org/2643743,,Q30264838,51.50853,-0.12574,resolved,cerl_holding_city_to_geonames,https://data.cerl.org/holdinst/LondonLambeth,"The holding institution is mapped to its city-level GeoNames point, not to building coordinates."
current_holding-maceratac,current_holding,institution_id,MacerataC,"Macerata, Biblioteca Comunale Mozzi-Borgetti",1,00200540,Macerata,city,IT,GeoNames,3174380,https://www.geonames.org/3174380,,,43.29789,13.45293,resolved,cerl_holding_city_to_geonames,https://data.cerl.org/holdinst/MacerataC,"The holding institution is mapped to its city-level GeoNames point, not to building coordinates."
current_holding-madridbpalacioreal,current_holding,institution_id,MadridBPalacioReal,"Madrid, Real Biblioteca",1,02010269,Madrid,city,ES,GeoNames,3117735,https://www.geonames.org/3117735,,,40.41650,-3.70256,resolved,cerl_holding_city_to_geonames,https://data.cerl.org/holdinst/MadridBPalacioReal,"The holding institution is mapped to its city-level GeoNames point, not to building coordinates."
current_holding-manchesterjrl,current_holding,institution_id,ManchesterJRL,"Manchester, University of Manchester, John Rylands Research Institute and Library",2,02003959 | 02003960,Manchester,city,GB,GeoNames,2643123,https://www.geonames.org/2643123,,Q773989,53.48095,-2.23743,resolved,cerl_holding_city_to_geonames,https://data.cerl.org/holdinst/ManchesterJRL,"The holding institution is mapped to its city-level GeoNames point, not to building coordinates."
current_holding-mantovac,current_holding,institution_id,MantovaC,"Mantova, Biblioteca Comunale Teresiana",1,00201811,Mantova,city,IT,GeoNames,3174051,https://www.geonames.org/3174051,,,45.16031,10.79784,resolved,cerl_holding_city_to_geonames,https://data.cerl.org/holdinst/MantovaC,"The holding institution is mapped to its city-level GeoNames point, not to building coordinates."
current_holding-milanon,current_holding,institution_id,MilanoN,"Milano, Biblioteca Nazionale Braidense",2,02003961 | 02128157,Milan,city,IT,GeoNames,3173435,https://www.geonames.org/3173435,,,45.46427,9.18951,resolved,cerl_holding_city_to_geonames,https://data.cerl.org/holdinst/MilanoN,"The holding institution is mapped to its city-level GeoNames point, not to building coordinates."
current_holding-modenaest,current_holding,institution_id,ModenaEst,"Modena, Biblioteca Estense Universitaria",2,00200695 | 00200700,Modena,city,IT,GeoNames,3173331,https://www.geonames.org/3173331,Q279,,44.64783,10.92539,resolved,cerl_holding_city_to_geonames,https://data.cerl.org/holdinst/ModenaEst,"The holding institution is mapped to its city-level GeoNames point, not to building coordinates."
current_holding-napolin,current_holding,institution_id,NapoliN,"Napoli, Biblioteca nazionale Vittorio Emanuele III",1,02003991,Naples,city,IT,GeoNames,3172394,https://www.geonames.org/3172394,,,40.85216,14.26811,resolved,cerl_holding_city_to_geonames,https://data.cerl.org/holdinst/NapoliN,"The holding institution is mapped to its city-level GeoNames point, not to building coordinates."
current_holding-newyorknypierpontmorganlibrary,current_holding,institution_id,NewYorkNYPierpontMorganLibrary,"New York NY, The Morgan Library and Museum",2,00200701 | 02003992,New York,city,US,GeoNames,5128581,https://www.geonames.org/5128581,,,40.71427,-74.00597,resolved,cerl_holding_city_to_geonames,https://data.cerl.org/holdinst/NewYorkNYPierpontMorganLibrary,"The holding institution is mapped to its city-level GeoNames point, not to building coordinates."
current_holding-oxfordbodley,current_holding,institution_id,OxfordBodley,"Oxford, Bodleian Library",8,00202805 | 00203485 | 00203573 | 00205587 | 00205588 | 00207797 | 00212866 | 02004011,Oxford,city,GB,GeoNames,2640729,https://www.geonames.org/2640729,,Q82133,51.75222,-1.25596,resolved,cerl_holding_city_to_geonames,https://data.cerl.org/holdinst/OxfordBodley,"The holding institution is mapped to its city-level GeoNames point, not to building coordinates."
current_holding-parisbn,current_holding,institution_id,ParisBN,"Paris, Bibliothèque nationale de France",3,00200696 | 00200702 | 02004012,Paris,city,FR,GeoNames,2988507,https://www.geonames.org/2988507,Q90,Q193563,48.85341,2.3488,resolved,cerl_holding_city_to_geonames,https://data.cerl.org/holdinst/ParisBN,"The holding institution is mapped to the same Paris capital record used by MEI provenance places, not to exact building coordinates."
current_holding-princetonul,current_holding,institution_id,PrincetonUL,"Princeton NJ, Princeton University, Firestone Library, Rare Book Division",1,02013740,Princeton,city,US,GeoNames,5102922,https://www.geonames.org/5102922,,,40.34872,-74.65905,resolved,cerl_holding_city_to_geonames,https://data.cerl.org/holdinst/PrincetonUL,"The holding institution is mapped to its city-level GeoNames point, not to building coordinates."
current_holding-sienac,current_holding,institution_id,SienaC,"Siena, Biblioteca Comunale degli Intronati",1,00200697,Siena,city,IT,GeoNames,3166548,https://www.geonames.org/3166548,,,43.31822,11.33064,resolved,cerl_holding_city_to_geonames,https://data.cerl.org/holdinst/SienaC,"The holding institution is mapped to its city-level GeoNames point, not to building coordinates."
current_holding-solothurnzb,current_holding,institution_id,SolothurnZB,"Solothurn, Zentralbibliothek ",1,02133844,Solothurn,city,CH,GeoNames,2658564,https://www.geonames.org/2658564,,,47.20791,7.53714,resolved,cerl_holding_city_to_geonames,https://data.cerl.org/holdinst/SolothurnZB,"The holding institution is mapped to its city-level GeoNames point, not to building coordinates."
current_holding-tradecopy,current_holding,institution_id,TradeCopy,Trade Copy,1,00201576,Trade Copy,none,,,,,,,,,non_geographic,non_geographic,https://data.cerl.org/holdinst/TradeCopy,CERL/MEI placeholder 'Trade Copy'; not a holding location.
current_holding-tubingenub,current_holding,institution_id,TubingenUB,"Tübingen, Universitätsbibliothek",1,02135612,Tübingen,city,DE,GeoNames,2820860,https://www.geonames.org/2820860,Q3806,Q2496347,48.52266,9.05222,resolved,cerl_holding_city_to_geonames,https://data.cerl.org/holdinst/TubingenUB,"The holding institution is mapped to its city-level GeoNames point, not to building coordinates."
current_holding-vilniusacad,current_holding,institution_id,VilniusAcad,"Vilnius, Lietuvos mokslų akademijos Vrublevskių biblioteka",1,02126520,Vilnius,city,LT,GeoNames,593116,https://www.geonames.org/593116,,Q3919007,54.68916,25.2798,resolved,cerl_holding_city_to_geonames,https://data.cerl.org/holdinst/VilniusAcad,"The holding institution is mapped to its city-level GeoNames point, not to building coordinates."
current_holding-washingtonloc,current_holding,institution_id,WashingtonLoC,"Washington DC, Library of Congress, Rare Book Division, Lessing J. Rosenwald Collection",2,00200703 | 02004013,Washington,city,US,GeoNames,4140963,https://www.geonames.org/4140963,,,38.89511,-77.03637,resolved,cerl_holding_city_to_geonames,https://data.cerl.org/holdinst/WashingtonLoC,"The holding institution is mapped to its city-level GeoNames point, not to building coordinates."
current_holding-willcl,current_holding,institution_id,WillCL,Williams College Library,1,02152090,Williamstown,city,US,GeoNames,4955786,https://www.geonames.org/4955786,,,42.71202,-73.20372,resolved,cerl_holding_city_to_geonames,https://data.cerl.org/holdinst/WillCL,"The holding institution is mapped to its city-level GeoNames point, not to building coordinates."
current_holding-zurichzb,current_holding,institution_id,ZurichZB,"Zürich, Zentralbibliothek",1,00570256,Zurich,city,CH,GeoNames,2657896,https://www.geonames.org/2657896,,Q190260,47.36667,8.55,resolved,cerl_holding_city_to_geonames,https://data.cerl.org/holdinst/ZurichZB,"The holding institution is mapped to its city-level GeoNames point, not to building coordinates."
