station_id,mei_id,copy_id,requested_istc_id,host_istc_id,station_type,station_role,source_order,place_order_within_source,provenance_id,place_occurrence_id,location_label,place_name,preferred_placename,place_authority,place_authority_id,place_authority_url,latitude,longitude,country,institution_id,institution_name,shelfmark,time_start,time_end,centuries,observation_date,date_status,certainty,location_resolution_status,evidence_status,source_catalogue,source_record_id,source_url,source_snapshot,note,source_place_name,source_latitude,source_longitude,location_mapping_id,resolved_country_code,place_wikidata_id,institution_wikidata_id,location_resolution_method,location_resolution_note,resolution_source_url
02156758-p001-loc01,02156758,02156758,ib00679000,ib00679000,provenance_place,intermediate,1,1,02156758-p001,02156758-p001-loc01,,,,,,,,,,,,85021,,1925,15 | 16 | 17 | 18 | 19 | 20,,mei_timeperiod,,needs_review,copy_level_provenance_place,MEI,02156758-p001,https://data.cerl.org/mei/02156758,data/expanded/mei-corpus.json,,,,,,,,,unresolved,,
02156758-current,02156758,02156758,ib00679000,ib00679000,current_holding,last,4,1,,,"San Marino CA, Huntington Library",,,,,,,,US,SanMarinoHun,"San Marino CA, Huntington Library",85021,,,,2026-09-30,current_observation_only,,needs_review,current_holding_statement,MEI,02156758,https://data.cerl.org/mei/02156758,data/expanded/mei-corpus.json,Observed as the current holding institution; no arrival date is inferred.,,,,,,,,unresolved,,
02146351-current,02146351,02146351,ib00679400,ib00679400,current_holding,last,6,1,,,Warsaw Public Library,,,,,,,,PL,WarsawPubl,Warsaw Public Library,XV.34 adl.,,,,2026-09-30,current_observation_only,,needs_review,current_holding_statement,MEI,02146351,https://data.cerl.org/mei/02146351,data/expanded/mei-corpus.json,Observed as the current holding institution; no arrival date is inferred.,,,,,,,,unresolved,,
00201176-p002-loc01,00201176,00201176,ib00680000,ib00680000,provenance_place,intermediate,2,1,00201176-p002,00201176-p002-loc01,"Princeton, NJ","Princeton, NJ",,,,,,,,,,14088.181,1910,1945,20,,mei_timeperiod,a,needs_review,copy_level_provenance_place,MEI,00201176-p002,https://data.cerl.org/mei/00201176,data/expanded/mei-corpus.json,,"Princeton, NJ",,,,,,,unresolved,,
02169264-current,02169264,02169264,ib00681500,ib00681500,current_holding,last,1,1,,,"Los Angeles CA, University of California",,,,,,,,US,UCalLAL,"Los Angeles CA, University of California",in progress - awaiting verification,,,,2026-09-30,current_observation_only,,needs_review,current_holding_statement,MEI,02169264,https://data.cerl.org/mei/02169264,data/expanded/mei-corpus.json,Observed as the current holding institution; no arrival date is inferred.,,,,,,,,unresolved,,
02169730-current,02169730,02169730,ib00683450,ib00683450,current_holding,last,1,1,,,"Los Angeles CA, University of California",,,,,,,,US,UCalLAL,"Los Angeles CA, University of California",in progress - awaiting verification,,,,2026-09-30,current_observation_only,,needs_review,current_holding_statement,MEI,02169730,https://data.cerl.org/mei/02169730,data/expanded/mei-corpus.json,Observed as the current holding institution; no arrival date is inferred.,,,,,,,,unresolved,,
00200683-current,00200683,00200683,ib00939000,ib00939000,current_holding,last,1,1,,,"Praha, Národni knihovna České republiky",,,,,,,,CZ,PragueNL,"Praha, Národni knihovna České republiky",41 G 48,,,,2026-09-30,current_observation_only,,needs_review,current_holding_statement,MEI,00200683,https://data.cerl.org/mei/00200683,data/expanded/mei-corpus.json,Observed as the current holding institution; no arrival date is inferred.,,,,,,,,unresolved,,
00200686-current,00200686,00200686,ib00939000,ib00939000,current_holding,last,1,1,,,"Zwickau, Ratsschulbibliothek",,,,,,,,DE,ZwickauRatsSchB,"Zwickau, Ratsschulbibliothek","17,12,43",,,,2026-09-30,current_observation_only,,needs_review,current_holding_statement,MEI,00200686,https://data.cerl.org/mei/00200686,data/expanded/mei-corpus.json,Observed as the current holding institution; no arrival date is inferred.,,,,,,,,unresolved,,
00200681-current,00200681,00200681,ib00939000,ib00939000,current_holding,last,1,1,,,"Los Angeles CA, University of California",,,,,,,,US,UCalLAL,"Los Angeles CA, University of California",A1.B642p 1486,,,,2026-09-30,current_observation_only,,needs_review,current_holding_statement,MEI,00200681,https://data.cerl.org/mei/00200681,data/expanded/mei-corpus.json,Observed as the current holding institution; no arrival date is inferred.,,,,,,,,unresolved,,
00200679-current,00200679,00200679,ic00788300,ic00788300,current_holding,last,1,1,,,"Pisa, Biblioteca Cathariniana del Seminario Arcivescovile",,,,,,,,IT,PisaSem,"Pisa, Biblioteca Cathariniana del Seminario Arcivescovile",Inc.54,,,,2026-09-30,current_observation_only,,needs_review,current_holding_statement,MEI,00200679,https://data.cerl.org/mei/00200679,data/expanded/mei-corpus.json,Observed as the current holding institution; no arrival date is inferred.,,,,,,,,unresolved,,
00200712-current,00200712,00200712,ic00790000,ic00790000,current_holding,last,1,1,,,"Klosterneuburg, Chorherren, Stiftsbibliothek",,,,,,,,AT,Klosterneuburg,"Klosterneuburg, Chorherren, Stiftsbibliothek",1420,,,,2026-09-30,current_observation_only,,needs_review,current_holding_statement,MEI,00200712,https://data.cerl.org/mei/00200712,data/expanded/mei-corpus.json,Observed as the current holding institution; no arrival date is inferred.,,,,,,,,unresolved,,
00200709-current,00200709,00200709,ic00790000,ic00790000,current_holding,last,1,1,,,"Esztergom, Érseki Simor Könyvtár",,,,,,,,HU,EsztergomSimor,"Esztergom, Érseki Simor Könyvtár",,,,,2026-09-30,current_observation_only,,needs_review,current_holding_statement,MEI,00200709,https://data.cerl.org/mei/00200709,data/expanded/mei-corpus.json,Observed as the current holding institution; no arrival date is inferred.,,,,,,,,unresolved,,
00200708-current,00200708,00200708,ic00790000,ic00790000,current_holding,last,1,1,,,"Clinton NY, Hamilton College, Burke Library",,,,,,,,US,HamCL,"Clinton NY, Hamilton College, Burke Library",BV249.L3 C6 1498,,,,2026-09-30,current_observation_only,,needs_review,current_holding_statement,MEI,00200708,https://data.cerl.org/mei/00200708,data/expanded/mei-corpus.json,Observed as the current holding institution; no arrival date is inferred.,,,,,,,,unresolved,,
00200710-current,00200710,00200710,ic00790000,ic00790000,current_holding,last,1,1,,,"Los Angeles CA, University of California",,,,,,,,US,UCalLAL,"Los Angeles CA, University of California",A1. C815 1498,,,,2026-09-30,current_observation_only,,needs_review,current_holding_statement,MEI,00200710,https://data.cerl.org/mei/00200710,data/expanded/mei-corpus.json,Observed as the current holding institution; no arrival date is inferred.,,,,,,,,unresolved,,
02136284-p001-loc01,02136284,02136284,ic00989950,ic00989950,provenance_place,intermediate,1,1,02136284-p001,02136284-p001-loc01,Weingarten,Weingarten,,,,,,,,,,Gb 537 a,,,,,undated,,needs_review,copy_level_provenance_place,MEI,02136284-p001,https://data.cerl.org/mei/02136284,data/expanded/mei-corpus.json,,Weingarten,,,,,,,unresolved,,
02136284-p002-loc01,02136284,02136284,ic00989950,ic00989950,provenance_place,intermediate,2,1,02136284-p002,02136284-p002-loc01,Stuttgart,Stuttgart,,,,,,,,,,Gb 537 a,,,,,undated,,needs_review,copy_level_provenance_place,MEI,02136284-p002,https://data.cerl.org/mei/02136284,data/expanded/mei-corpus.json,,Stuttgart,,,,,,,unresolved,,
02136284-p004-loc01,02136284,02136284,ic00989950,ic00989950,provenance_place,intermediate,4,1,02136284-p004,02136284-p004-loc01,Buchbinderwerkstätten (nicht lokalisiert),Buchbinderwerkstätten (nicht lokalisiert),,,,,,,,,,Gb 537 a,,,,,undated,,non_geographic,copy_level_provenance_place,MEI,02136284-p004,https://data.cerl.org/mei/02136284,data/expanded/mei-corpus.json,,Buchbinderwerkstätten (nicht lokalisiert),,,,,,,unresolved,,
02118529-print,02118529,02118529,ic00990500,ic00990500,print_place,first,0,1,,,Speyer,Speyer,,,,,,,,,,Ink 19.H.18,1488,1488,,,gw_extracted_year_range,,needs_review,edition_level_print_statement,GW,12966,https://gesamtkatalogderwiegendrucke.de/docs/GW12966.htm,data/derived/prayer-book-corpus.csv,Printing statement shared by copies of the edition.,Speyer,,,,,,,unresolved,,
02136285-print,02136285,02136285,ic00990500,ic00990500,print_place,first,0,1,,,Speyer,Speyer,,,,,,,,,,Gb 537,1488,1488,,,gw_extracted_year_range,,needs_review,edition_level_print_statement,GW,12966,https://gesamtkatalogderwiegendrucke.de/docs/GW12966.htm,data/derived/prayer-book-corpus.csv,Printing statement shared by copies of the edition.,Speyer,,,,,,,unresolved,,
02136285-p002-loc01,02136285,02136285,ic00990500,ic00990500,provenance_place,intermediate,2,1,02136285-p002,02136285-p002-loc01,Mergentheim,Mergentheim,,,,,,,,,,Gb 537,,,,,undated,,needs_review,copy_level_provenance_place,MEI,02136285-p002,https://data.cerl.org/mei/02136285,data/expanded/mei-corpus.json,,Mergentheim,,,,,,,unresolved,,
02136283-p001-loc01,02136283,02136283,ig00112700,ig00112700,provenance_place,intermediate,1,1,02136283-p001,02136283-p001-loc01,Weingarten,Weingarten,,,,,,,,,,Gb 536,,,,,undated,,needs_review,copy_level_provenance_place,MEI,02136283-p001,https://data.cerl.org/mei/02136283,data/expanded/mei-corpus.json,,Weingarten,,,,,,,unresolved,,
02136283-p002-loc01,02136283,02136283,ig00112700,ig00112700,provenance_place,intermediate,2,1,02136283-p002,02136283-p002-loc01,Buchbinderwerkstätten (nicht lokalisiert),Buchbinderwerkstätten (nicht lokalisiert),,,,,,,,,,Gb 536,,,,,undated,,non_geographic,copy_level_provenance_place,MEI,02136283-p002,https://data.cerl.org/mei/02136283,data/expanded/mei-corpus.json,,Buchbinderwerkstätten (nicht lokalisiert),,,,,,,unresolved,,
02131171-p002-loc01,02131171,02131171,ig00113130,ig00113130,provenance_place,intermediate,2,1,02131171-p002,02131171-p002-loc01,Braunschweig,Braunschweig,,,,,,,,,,H: QuH 169.21,1512,1604,16 | 17,,mei_timeperiod,,needs_review,copy_level_provenance_place,MEI,02131171-p002,https://data.cerl.org/mei/02131171,data/expanded/mei-corpus.json,,Braunschweig,,,,,,,unresolved,,
00200668-print,00200668,00200668,ih00336100,ih00336100,print_place,first,0,1,,,Italien,Italien,,,,,,,,,,8o inc. 4635.10,1500,1500,,,gw_extracted_year_range,,country_only,edition_level_print_statement,GW,13328,https://gesamtkatalogderwiegendrucke.de/docs/GW13328.htm,data/derived/prayer-book-corpus.csv,Printing statement shared by copies of the edition.,Italien,,,print_place-italien,IT,,,country_only,GW supplies only a country-level printing statement; no point is assigned.,https://gesamtkatalogderwiegendrucke.de/docs/GW13328.htm
02131208-current,02131208,02131208,ih00352000,ih00352000,current_holding,last,8,1,,,"Wellesley MA, Wellesley College, Margaret Clapp Library",,,,,,,,US,WellCL,"Wellesley MA, Wellesley College, Margaret Clapp Library",Inc H-352,,,,2026-09-30,current_observation_only,,needs_review,current_holding_statement,MEI,02131208,https://data.cerl.org/mei/02131208,data/expanded/mei-corpus.json,Observed as the current holding institution; no arrival date is inferred.,,,,,,,,unresolved,,
02000020-current,02000020,02000020,ih00357230,ih00357230,current_holding,last,6,1,,,"Città del Vaticano, Biblioteca Apostolica Vaticana",,,,,,,,VA,VaticanoBAV,"Città del Vaticano, Biblioteca Apostolica Vaticana",Inc. Ross. 984,,,,2026-09-30,current_observation_only,,needs_review,current_holding_statement,MEI,02000020,https://data.cerl.org/mei/02000020,data/expanded/mei-corpus.json,Observed as the current holding institution; no arrival date is inferred.,,,,,,,,unresolved,,
00200526-current,00200526,00200526,ih00357260,ih00357260,current_holding,last,1,1,,,"Città del Vaticano, Biblioteca Apostolica Vaticana",,,,,,,,VA,VaticanoBAV,"Città del Vaticano, Biblioteca Apostolica Vaticana",Inc. Ross. 986,,,,2026-09-30,current_observation_only,,needs_review,current_holding_statement,MEI,00200526,https://data.cerl.org/mei/00200526,data/expanded/mei-corpus.json,Observed as the current holding institution; no arrival date is inferred.,,,,,,,,unresolved,,
00200530-current,00200530,00200530,ih00357290,ih00357290,current_holding,last,8,1,,,"San Marino CA, Huntington Library",,,,,,,,US,SanMarinoHun,"San Marino CA, Huntington Library",101430,,,,2026-09-30,current_observation_only,,needs_review,current_holding_statement,MEI,00200530,https://data.cerl.org/mei/00200530,data/expanded/mei-corpus.json,Observed as the current holding institution; no arrival date is inferred.,,,,,,,,unresolved,,
00200534-current,00200534,00200534,ih00357297,ih00357297,current_holding,last,1,1,,,"Strängnäs, Domkyrkobibliotek",,,,,,,,SE,StrangnasDomkyrkobibliotek,"Strängnäs, Domkyrkobibliotek",U. 575,,,,2026-09-30,current_observation_only,,needs_review,current_holding_statement,MEI,00200534,https://data.cerl.org/mei/00200534,data/expanded/mei-corpus.json,Observed as the current holding institution; no arrival date is inferred.,,,,,,,,unresolved,,
00201166-current,00201166,00201166,ih00357340,ih00357340,current_holding,last,2,1,,,Historical Copy,,,,,,,,,HistCopy,Historical Copy,Vienna,,,,2026-09-23,current_observation_only,,non_geographic,current_holding_statement,MEI,00201166,https://data.cerl.org/mei/00201166,data/expanded/mei-corpus.json,Observed as the current holding institution; no arrival date is inferred.,,,,current_holding-histcopy,,,,non_geographic,CERL/MEI placeholder 'Historical Copy'; not a holding location.,https://data.cerl.org/holdinst/HistCopy
00201167-current,00201167,00201167,ih00357360,ih00357360,current_holding,last,2,1,,,Historical Copy,,,,,,,,,HistCopy,Historical Copy,Rome,,,,2026-09-23,current_observation_only,,non_geographic,current_holding_statement,MEI,00201167,https://data.cerl.org/mei/00201167,data/expanded/mei-corpus.json,Observed as the current holding institution; no arrival date is inferred.,,,,current_holding-histcopy,,,,non_geographic,CERL/MEI placeholder 'Historical Copy'; not a holding location.,https://data.cerl.org/holdinst/HistCopy
02004013-p001-loc01,02004013,02004013,ih00357360,ih00357360,provenance_place,intermediate,1,1,02004013-p001,02004013-p001-loc01,Italien,Italien,,,,,,,,,,Incun. 1478.C3,1478,1500,15,,mei_timeperiod,a,country_only,copy_level_provenance_place,MEI,02004013-p001,https://data.cerl.org/mei/02004013,data/expanded/mei-corpus.json,,Italien,,,provenance_place-italien,IT,,,country_only,MEI supplies only a country-level place statement; no point is assigned.,https://data.cerl.org/mei/02004011 | https://data.cerl.org/mei/02004012 | https://data.cerl.org/mei/02004013
02004011-p001-loc01,02004011,02004011,ih00357360,ih00357360,provenance_place,intermediate,1,1,02004011-p001,02004011-p001-loc01,Italien,Italien,,,,,,,,,,Arch. B f.43,,1500,15,,mei_timeperiod,a,country_only,copy_level_provenance_place,MEI,02004011-p001,https://data.cerl.org/mei/02004011,data/expanded/mei-corpus.json,,Italien,,,provenance_place-italien,IT,,,country_only,MEI supplies only a country-level place statement; no point is assigned.,https://data.cerl.org/mei/02004011 | https://data.cerl.org/mei/02004012 | https://data.cerl.org/mei/02004013
02003961-p003-loc01,02003961,02003961,ih00357360,ih00357360,provenance_place,intermediate,3,1,02003961-p003,02003961-p003-loc01,Schwarzau am Steinfeld (Vienna)?,Schwarzau am Steinfeld (Vienna)?,,,,,,,,,,B. G. Inc. 80,1883,1907,19 | 20,,mei_timeperiod,a,needs_review,copy_level_provenance_place,MEI,02003961-p003,https://data.cerl.org/mei/02003961,data/expanded/mei-corpus.json,,Schwarzau am Steinfeld (Vienna)?,,,provenance_place-schwarzau-am-steinfeld-vienna,,,,needs_review,The source label is explicitly uncertain and combines Schwarzau am Steinfeld with Vienna; no point is assigned automatically.,https://data.cerl.org/mei/02003961
00201576-current,00201576,00201576,ih00357360,ih00357360,current_holding,last,5,1,,,Trade Copy,,,,,,,,,TradeCopy,Trade Copy,"Kiefer, Pforzheim, 25-27 Sept. 2024, lot 135-352",,,,2026-09-23,current_observation_only,,non_geographic,current_holding_statement,MEI,00201576,https://data.cerl.org/mei/00201576,data/expanded/mei-corpus.json,Observed as the current holding institution; no arrival date is inferred.,,,,current_holding-tradecopy,,,,non_geographic,CERL/MEI placeholder 'Trade Copy'; not a holding location.,https://data.cerl.org/holdinst/TradeCopy
02004012-p001-loc01,02004012,02004012,ih00357360,ih00357360,provenance_place,intermediate,1,1,02004012-p001,02004012-p001-loc01,Italien,Italien,,,,,,,,,,Res. Velins 1479,,1500,15,,mei_timeperiod,a,country_only,copy_level_provenance_place,MEI,02004012-p001,https://data.cerl.org/mei/02004012,data/expanded/mei-corpus.json,,Italien,,,provenance_place-italien,IT,,,country_only,MEI supplies only a country-level place statement; no point is assigned.,https://data.cerl.org/mei/02004011 | https://data.cerl.org/mei/02004012 | https://data.cerl.org/mei/02004013
00200541-current,00200541,00200541,ih00357600,ih00357600,current_holding,last,1,1,,,"Bassano del Grappa, Museo Biblioteca Archivio",,,,,,,,IT,BassanodelGrappaC,"Bassano del Grappa, Museo Biblioteca Archivio",Inc. I.A.1,,,,2026-09-30,current_observation_only,,needs_review,current_holding_statement,MEI,00200541,https://data.cerl.org/mei/00200541,data/expanded/mei-corpus.json,Observed as the current holding institution; no arrival date is inferred.,,,,,,,,unresolved,,
00200545-current,00200545,00200545,ih00357740,ih00357740,current_holding,last,1,1,,,"Zwickau, Ratsschulbibliothek",,,,,,,,DE,ZwickauRatsSchB,"Zwickau, Ratsschulbibliothek","17,12,40",,,,2026-09-30,current_observation_only,,needs_review,current_holding_statement,MEI,00200545,https://data.cerl.org/mei/00200545,data/expanded/mei-corpus.json,Observed as the current holding institution; no arrival date is inferred.,,,,,,,,unresolved,,
02117004-print,02117004,02117004,ih00357760,ih00357760,print_place,first,0,1,,,Memmingen,Memmingen,,,,,,,,,,Ink 19.H.19,1483,1486,,,gw_extracted_year_range,,needs_review,edition_level_print_statement,GW,12964,https://gesamtkatalogderwiegendrucke.de/docs/GW12964.htm,data/derived/prayer-book-corpus.csv,Printing statement shared by copies of the edition.,Memmingen,,,,,,,unresolved,,
02126336-print,02126336,02126336,ih00357760,ih00357760,print_place,first,0,1,,,Memmingen,Memmingen,,,,,,,,,,ZZi 07,1483,1486,,,gw_extracted_year_range,,needs_review,edition_level_print_statement,GW,12964,https://gesamtkatalogderwiegendrucke.de/docs/GW12964.htm,data/derived/prayer-book-corpus.csv,Printing statement shared by copies of the edition.,Memmingen,,,,,,,unresolved,,
02126336-current,02126336,02126336,ih00357760,ih00357760,current_holding,last,3,1,,,"New Haven CT, Yale University, Beinecke Library",,,,,,,,US,YaleBeinecke,"New Haven CT, Yale University, Beinecke Library",ZZi 07,,,,2026-09-30,current_observation_only,,needs_review,current_holding_statement,MEI,02126336,https://data.cerl.org/mei/02126336,data/expanded/mei-corpus.json,Observed as the current holding institution; no arrival date is inferred.,,,,,,,,unresolved,,
00200548-current,00200548,00200548,ih00357770,ih00357770,current_holding,last,1,1,,," Oldenburg, Landesbibliothek",,,,,,,,DE,OldenburgLB," Oldenburg, Landesbibliothek",CIM II 209,,,,2026-09-30,current_observation_only,,needs_review,current_holding_statement,MEI,00200548,https://data.cerl.org/mei/00200548,data/expanded/mei-corpus.json,Observed as the current holding institution; no arrival date is inferred.,,,,,,,,unresolved,,
00200558-current,00200558,00200558,ih00357850,ih00357850,current_holding,last,8,1,,,"San Marino CA, Huntington Library",,,,,,,,US,SanMarinoHun,"San Marino CA, Huntington Library",101431,,,,2026-09-30,current_observation_only,,needs_review,current_holding_statement,MEI,00200558,https://data.cerl.org/mei/00200558,data/expanded/mei-corpus.json,Observed as the current holding institution; no arrival date is inferred.,,,,,,,,unresolved,,
02149767-current,02149767,02149767,ih00357880,ih00357880,current_holding,last,7,1,,,"San Marino CA, Huntington Library",,,,,,,,US,SanMarinoHun,"San Marino CA, Huntington Library",93013,,,,2026-09-30,current_observation_only,,needs_review,current_holding_statement,MEI,02149767,https://data.cerl.org/mei/02149767,data/expanded/mei-corpus.json,Observed as the current holding institution; no arrival date is inferred.,,,,,,,,unresolved,,
02162911-current,02162911,02162911,ih00357930,ih00357930,current_holding,last,1,1,,,"Allendale MI, Grand Valley State University, Seidman House",,,,,,,,US,GVSUL,"Allendale MI, Grand Valley State University, Seidman House",in progress - awaiting verification,,,,2026-09-30,current_observation_only,,needs_review,current_holding_statement,MEI,02162911,https://data.cerl.org/mei/02162911,data/expanded/mei-corpus.json,Observed as the current holding institution; no arrival date is inferred.,,,,,,,,unresolved,,
00202014-current,00202014,00202014,ih00357930,ih00357930,current_holding,last,1,1,,,"Allendale MI, Grand Valley State University, Seidman House",,,,,,,,US,GVSUL,"Allendale MI, Grand Valley State University, Seidman House",Incun BX 2080 .R66 1487 [A172],,,,2026-09-30,current_observation_only,,needs_review,current_holding_statement,MEI,00202014,https://data.cerl.org/mei/00202014,data/expanded/mei-corpus.json,Observed as the current holding institution; no arrival date is inferred.,,,,,,,,unresolved,,
02118389-print,02118389,02118389,ih00366000,ih00366000,print_place,first,0,1,,,Kirchheim,Kirchheim,,,,,,,,,,Ink 27-57,1490,1490,,,gw_extracted_year_range,,needs_review,edition_level_print_statement,GW,12953,https://gesamtkatalogderwiegendrucke.de/docs/GW12953.htm,data/derived/prayer-book-corpus.csv,Printing statement shared by copies of the edition.,Kirchheim,,,,,,,unresolved,,
02154453-current,02154453,02154453,ih00366400,ih00366400,current_holding,last,4,1,,,"Valletta, National Library of Malta",,,,,,,,MT,VallettaNL,"Valletta, National Library of Malta",Inc. 55,,,,2026-09-30,current_observation_only,,needs_review,current_holding_statement,MEI,02154453,https://data.cerl.org/mei/02154453,data/expanded/mei-corpus.json,Observed as the current holding institution; no arrival date is inferred.,,,,,,,,unresolved,,
02125063-current,02125063,02125063,ih00370000,ih00370000,current_holding,last,11,1,,,"New Haven CT, Yale University, Beinecke Library",,,,,,,,US,YaleBeinecke,"New Haven CT, Yale University, Beinecke Library",Zi 8182.3,,,,2026-09-30,current_observation_only,,needs_review,current_holding_statement,MEI,02125063,https://data.cerl.org/mei/02125063,data/expanded/mei-corpus.json,Observed as the current holding institution; no arrival date is inferred.,,,,,,,,unresolved,,
00200585-current,00200585,00200585,ih00370950,ih00370950,current_holding,last,1,1,,,"Città del Vaticano, Biblioteca Apostolica Vaticana",,,,,,,,VA,VaticanoBAV,"Città del Vaticano, Biblioteca Apostolica Vaticana",Inc. Ross. 985,,,,2026-09-30,current_observation_only,,needs_review,current_holding_statement,MEI,00200585,https://data.cerl.org/mei/00200585,data/expanded/mei-corpus.json,Observed as the current holding institution; no arrival date is inferred.,,,,,,,,unresolved,,
02000343-p006-loc01,02000343,02000343,ih00375500,ih00375500,provenance_place,intermediate,6,1,02000343-p006,02000343-p006-loc01,Venezia,Venezia,,,,,,,,,,FOAN TES 970,1951,,20,,mei_timeperiod,a,needs_review,copy_level_provenance_place,MEI,02000343-p006,https://data.cerl.org/mei/02000343,data/expanded/mei-corpus.json,,Venezia,,,,,,,unresolved,,
00200579-print,00200579,00200579,ih00378250,ih00378250,print_place,first,0,1,,,Venedig(?),Venedig(?),,,,,,,,,,Inc. VI. 33,1495,1495,,,gw_extracted_year_range,,needs_review,edition_level_print_statement,GW,13397,https://gesamtkatalogderwiegendrucke.de/docs/GW13397.htm,data/derived/prayer-book-corpus.csv,Printing statement shared by copies of the edition.,Venedig(?),,,,,,,unresolved,,
00200579-current,00200579,00200579,ih00378250,ih00378250,current_holding,last,1,1,,,"Città del Vaticano, Biblioteca Apostolica Vaticana",,,,,,,,VA,VaticanoBAV,"Città del Vaticano, Biblioteca Apostolica Vaticana",Inc. VI. 33,,,,2026-09-30,current_observation_only,,needs_review,current_holding_statement,MEI,00200579,https://data.cerl.org/mei/00200579,data/expanded/mei-corpus.json,Observed as the current holding institution; no arrival date is inferred.,,,,,,,,unresolved,,
00200616-current,00200616,00200616,ih00378400,ih00378400,current_holding,last,9,1,,,"San Marino CA, Huntington Library",,,,,,,,US,SanMarinoHun,"San Marino CA, Huntington Library",101432,,,,2026-09-30,current_observation_only,,needs_review,current_holding_statement,MEI,00200616,https://data.cerl.org/mei/00200616,data/expanded/mei-corpus.json,Observed as the current holding institution; no arrival date is inferred.,,,,,,,,unresolved,,
02125950-current,02125950,02125950,ih00389800,ih00389800,current_holding,last,9,1,,,Trade Copy,,,,,,,,,TradeCopy,Trade Copy,"London, Bernard Quaritch, 2018",,,,2026-09-30,current_observation_only,,non_geographic,current_holding_statement,MEI,02125950,https://data.cerl.org/mei/02125950,data/expanded/mei-corpus.json,Observed as the current holding institution; no arrival date is inferred.,,,,current_holding-tradecopy,,,,non_geographic,CERL/MEI placeholder 'Trade Copy'; not a holding location.,https://data.cerl.org/holdinst/TradeCopy
02154477-current,02154477,02154477,ih00390000,ih00390000,current_holding,last,2,1,,,"Valletta, National Library of Malta",,,,,,,,MT,VallettaNL,"Valletta, National Library of Malta",Inc. 24,,,,2026-09-30,current_observation_only,,needs_review,current_holding_statement,MEI,02154477,https://data.cerl.org/mei/02154477,data/expanded/mei-corpus.json,Observed as the current holding institution; no arrival date is inferred.,,,,,,,,unresolved,,
00200662-p005-loc01,00200662,00200662,ih00391000,ih00391000,provenance_place,intermediate,5,1,00200662-p005,00200662-p005-loc01,Titusville,Titusville,,,,,,,,,,39.5,1929,1942,20,,mei_timeperiod,a,needs_review,copy_level_provenance_place,MEI,00200662-p005,https://data.cerl.org/mei/00200662,data/expanded/mei-corpus.json,,Titusville,,,,,,,unresolved,,
00200662-p006-loc01,00200662,00200662,ih00391000,ih00391000,provenance_place,intermediate,6,1,00200662-p006,00200662-p006-loc01,"Princeton, NJ","Princeton, NJ",,,,,,,,,,39.5,1942,2014,20 | 21,,mei_timeperiod,a,needs_review,copy_level_provenance_place,MEI,00200662-p006,https://data.cerl.org/mei/00200662,data/expanded/mei-corpus.json,,"Princeton, NJ",,,,,,,unresolved,,
00200654-current,00200654,00200654,ih00391000,ih00391000,current_holding,last,5,1,,,"Città del Vaticano, Biblioteca Apostolica Vaticana",,,,,,,,VA,VaticanoBAV,"Città del Vaticano, Biblioteca Apostolica Vaticana",Inc. Ross. 987,,,,2026-09-30,current_observation_only,,needs_review,current_holding_statement,MEI,00200654,https://data.cerl.org/mei/00200654,data/expanded/mei-corpus.json,Observed as the current holding institution; no arrival date is inferred.,,,,,,,,unresolved,,
00200655-current,00200655,00200655,ih00391000,ih00391000,current_holding,last,3,1,,,"Città del Vaticano, Biblioteca Apostolica Vaticana",,,,,,,,VA,VaticanoBAV,"Città del Vaticano, Biblioteca Apostolica Vaticana",Inc. VI 6,,,,2026-09-30,current_observation_only,,needs_review,current_holding_statement,MEI,00200655,https://data.cerl.org/mei/00200655,data/expanded/mei-corpus.json,Observed as the current holding institution; no arrival date is inferred.,,,,,,,,unresolved,,
00200663-current,00200663,00200663,ih00391000,ih00391000,current_holding,last,4,1,,,"Provo UT, Brigham Young University, Harold B. Lee Library",,,,,,,,US,BYUL,"Provo UT, Brigham Young University, Harold B. Lee Library",1497 n. 13 1 History of Printing Collection Aldine Collection,,,,2026-09-30,current_observation_only,,needs_review,current_holding_statement,MEI,00200663,https://data.cerl.org/mei/00200663,data/expanded/mei-corpus.json,Observed as the current holding institution; no arrival date is inferred.,,,,,,,,unresolved,,
00200653-current,00200653,00200653,ih00391000,ih00391000,current_holding,last,6,1,,,"San Marino CA, Huntington Library",,,,,,,,US,SanMarinoHun,"San Marino CA, Huntington Library",88359,,,,2026-09-30,current_observation_only,,needs_review,current_holding_statement,MEI,00200653,https://data.cerl.org/mei/00200653,data/expanded/mei-corpus.json,Observed as the current holding institution; no arrival date is inferred.,,,,,,,,unresolved,,
02011333-p002-loc01,02011333,02011333,ih00391000,ih00391000,provenance_place,intermediate,2,1,02011333-p002,02011333-p002-loc01,Huddersfield,Huddersfield,,,,,,,,,,Brooke 7,1860,1908,19 | 20,,mei_timeperiod,a,needs_review,copy_level_provenance_place,MEI,02011333-p002,https://data.cerl.org/mei/02011333,data/expanded/mei-corpus.json,,Huddersfield,,,,,,,unresolved,,
00200639-current,00200639,00200639,ih00391000,ih00391000,current_holding,last,6,1,,,"Los Angeles CA, University of California",,,,,,,,US,UCalLAL,"Los Angeles CA, University of California",A1. C27h 1497,,,,2026-09-30,current_observation_only,,needs_review,current_holding_statement,MEI,00200639,https://data.cerl.org/mei/00200639,data/expanded/mei-corpus.json,Observed as the current holding institution; no arrival date is inferred.,,,,,,,,unresolved,,
00200643-current,00200643,00200643,ih00391000,ih00391000,current_holding,last,5,1,,,"Blickling, Blickling Estate",,,,,,,,GB,BlicklingHall,"Blickling, Blickling Estate",NT 3069935,,,,2026-09-30,current_observation_only,,needs_review,current_holding_statement,MEI,00200643,https://data.cerl.org/mei/00200643,data/expanded/mei-corpus.json,Observed as the current holding institution; no arrival date is inferred.,,,,,,,,unresolved,,
00200631-current,00200631,00200631,ih00391000,ih00391000,current_holding,last,9,1,,,"Austin TX, University of Texas, Harry Ransom Center",,,,,,,,US,AustinRansom,"Austin TX, University of Texas, Harry Ransom Center",Uzielli 15,,,,2026-09-30,current_observation_only,,needs_review,current_holding_statement,MEI,00200631,https://data.cerl.org/mei/00200631,data/expanded/mei-corpus.json,Observed as the current holding institution; no arrival date is inferred.,,,,,,,,unresolved,,
02125184-current,02125184,02125184,ih00394000,ih00394000,current_holding,last,5,1,,,"New Haven CT, Yale University, Beinecke Library",,,,,,,,US,YaleBeinecke,"New Haven CT, Yale University, Beinecke Library",1971 755,,,,2026-09-30,current_observation_only,,needs_review,current_holding_statement,MEI,02125184,https://data.cerl.org/mei/02125184,data/expanded/mei-corpus.json,Observed as the current holding institution; no arrival date is inferred.,,,,,,,,unresolved,,
02122666-current,02122666,02122666,ih00395000,ih00395000,current_holding,last,7,1,,,"Iowa City IA, University of Iowa, Main Library",,,,,,,,US,IowaUL,"Iowa City IA, University of Iowa, Main Library",BX2080.V67 1498,,,,2026-09-30,current_observation_only,,needs_review,current_holding_statement,MEI,02122666,https://data.cerl.org/mei/02122666,data/expanded/mei-corpus.json,Observed as the current holding institution; no arrival date is inferred.,,,,,,,,unresolved,,
02013229-p006-loc01,02013229,02013229,ih00395000,ih00395000,provenance_place,intermediate,6,1,02013229-p006,02013229-p006-loc01,Tuxedo Park,Tuxedo Park,,,,,,,,,,EXKA Incunabula 1498 Catholic Church,1921,1850,,,mei_timeperiod,a,needs_review,copy_level_provenance_place,MEI,02013229-p006,https://data.cerl.org/mei/02013229,data/expanded/mei-corpus.json,,Tuxedo Park,,,,,,,unresolved,,
02013229-p007-loc01,02013229,02013229,ih00395000,ih00395000,provenance_place,intermediate,7,1,02013229-p007,02013229-p007-loc01,"Princeton, NJ","Princeton, NJ",,,,,,,,,,EXKA Incunabula 1498 Catholic Church,1941,,20,,mei_timeperiod,a,needs_review,copy_level_provenance_place,MEI,02013229-p007,https://data.cerl.org/mei/02013229,data/expanded/mei-corpus.json,,"Princeton, NJ",,,,,,,unresolved,,
02145200-current,02145200,02145200,ih00397000,ih00397000,current_holding,last,5,1,,,"Burlington VT, University of Vermont, Silver Special Collections Library",,,,,,,,US,UVerL,"Burlington VT, University of Vermont, Silver Special Collections Library",BX2080 .A2 1498,,,,2026-09-30,current_observation_only,,needs_review,current_holding_statement,MEI,02145200,https://data.cerl.org/mei/02145200,data/expanded/mei-corpus.json,Observed as the current holding institution; no arrival date is inferred.,,,,,,,,unresolved,,
02002302-p002-loc01,02002302,02002302,ih00397300,ih00397300,provenance_place,intermediate,2,1,02002302-p002,02002302-p002-loc01,Valençay,Valençay,,,,,,,,,,I/223,1801,1820,19,,mei_timeperiod,a,needs_review,copy_level_provenance_place,MEI,02002302-p002,https://data.cerl.org/mei/02002302,data/expanded/mei-corpus.json,,Valençay,,,,,,,unresolved,,
00200613-current,00200613,00200613,ih00419500,ih00419500,current_holding,last,1,1,,,"Salzburg, Städtisches Museum Carolino-Augusteum, Bibliothek",,,,,,,,AT,SalzburgCarolinoAug,"Salzburg, Städtisches Museum Carolino-Augusteum, Bibliothek",Ink. 12,,,,2026-09-30,current_observation_only,,needs_review,current_holding_statement,MEI,00200613,https://data.cerl.org/mei/00200613,data/expanded/mei-corpus.json,Observed as the current holding institution; no arrival date is inferred.,,,,,,,,unresolved,,
00560443-print,00560443,00560443,ih00420330,ih00420330,print_place,first,0,1,,,Paris(?),Paris(?),,,,,,,,,,Inc.6.D.1.14[2501],1488,1488,,,gw_extracted_year_range,,needs_review,edition_level_print_statement,GW,13051,https://gesamtkatalogderwiegendrucke.de/docs/GW13051.htm,data/derived/prayer-book-corpus.csv,Printing statement shared by copies of the edition.,Paris(?),,,,,,,unresolved,,
00201175-current,00201175,00201175,ih00420440,ih00420440,current_holding,last,1,1,,,"Durham, University Library, Barker Research Library, Palace Green ",,,,,,,,GB,DurhamUL,"Durham, University Library, Barker Research Library, Palace Green ",,,,,2026-09-30,current_observation_only,,needs_review,current_holding_statement,MEI,00201175,https://data.cerl.org/mei/00201175,data/expanded/mei-corpus.json,Observed as the current holding institution; no arrival date is inferred.,,,,,,,,unresolved,,
00201177-current,00201177,00201177,ih00420440,ih00420440,current_holding,last,1,1,,,"Durham, Ushaw College",,,,,,,,GB,DurhamUshaw,"Durham, Ushaw College",,,,,2026-09-30,current_observation_only,,needs_review,current_holding_statement,MEI,00201177,https://data.cerl.org/mei/00201177,data/expanded/mei-corpus.json,Observed as the current holding institution; no arrival date is inferred.,,,,,,,,unresolved,,
00205587-print,00205587,00205587,ih00420580,ih00420580,print_place,first,0,1,,,Paris oder Rouen,Paris oder Rouen,,,,,,,,,,Douce 24.,1495,1495,,,gw_extracted_year_range,,ambiguous,edition_level_print_statement,GW,13093,https://gesamtkatalogderwiegendrucke.de/docs/GW13093.htm,data/derived/prayer-book-corpus.csv,Printing statement shared by copies of the edition.,Paris oder Rouen,,,print_place-paris-oder-rouen,,,,ambiguous,The catalogue statement names two alternatives; no single point is assigned.,https://gesamtkatalogderwiegendrucke.de/docs/GW13093.htm
00212866-print,00212866,00212866,ih00420580,ih00420580,print_place,first,0,1,,,Paris oder Rouen,Paris oder Rouen,,,,,,,,,,Douce 24.,1495,1495,,,gw_extracted_year_range,,ambiguous,edition_level_print_statement,GW,13093,https://gesamtkatalogderwiegendrucke.de/docs/GW13093.htm,data/derived/prayer-book-corpus.csv,Printing statement shared by copies of the edition.,Paris oder Rouen,,,print_place-paris-oder-rouen,,,,ambiguous,The catalogue statement names two alternatives; no single point is assigned.,https://gesamtkatalogderwiegendrucke.de/docs/GW13093.htm
02000285-p001-loc01,02000285,02000285,ih00427960,ih00427960,provenance_place,intermediate,1,1,02000285-p001,02000285-p001-loc01,Italy,Italy,,,,,,,,,,18193,1499,1600,15 | 16,,mei_timeperiod,a,country_only,copy_level_provenance_place,MEI,02000285-p001,https://data.cerl.org/mei/02000285,data/expanded/mei-corpus.json,,Italy,,,,,,,unresolved,,
02010269-print,02010269,02010269,ih00427965,ih00427965,print_place,first,0,1,,,Montserrat,Montserrat,,,,,,,,,,MD/H/13 (5),1499,1499,,,gw_extracted_year_range,,ambiguous,edition_level_print_statement,GW,13441,https://gesamtkatalogderwiegendrucke.de/docs/GW13441.htm,data/derived/prayer-book-corpus.csv,Printing statement shared by copies of the edition.,Montserrat,,,print_place-montserrat,,,,alternative_attributions,"The unsigned edition is attributed through its type. The two catalogue statements form coupled hypotheses: Barcelona with [1498?] in ISTC/MEI, when Johannes Luschner was active there; or Montserrat with circa 1499 in GW, after Luschner was called to establish a press at the Benedictine abbey. The surviving evidence does not decide between them, so no point is assigned.",https://gesamtkatalogderwiegendrucke.de/docs/GW13441.htm
00560460-print,00560460,00560460,ih00430100,ih00430100,print_place,first,0,1,,,Hasselt,Hasselt,,,,,,,,,,Inc.7.E.8.2[3109],1488,1488,,,gw_extracted_year_range,,needs_review,edition_level_print_statement,GW,13430,https://gesamtkatalogderwiegendrucke.de/docs/GW13430.htm,data/derived/prayer-book-corpus.csv,Printing statement shared by copies of the edition.,Hasselt,,,,,,,unresolved,,
02101036-print,02101036,02101036,ih00430100,ih00430100,print_place,first,0,1,,,Hasselt,Hasselt,,,,,,,,,,KW 150 F 8,1488,1488,,,gw_extracted_year_range,,needs_review,edition_level_print_statement,GW,13430,https://gesamtkatalogderwiegendrucke.de/docs/GW13430.htm,data/derived/prayer-book-corpus.csv,Printing statement shared by copies of the edition.,Hasselt,,,,,,,unresolved,,
00560464-print,00560464,00560464,ih00433400,ih00433400,print_place,first,0,1,,,Kirchheim,Kirchheim,,,,,,,,,,Inc.6.A.41.1[4565],1491,1491,,,gw_extracted_year_range,,needs_review,edition_level_print_statement,GW,12984,https://gesamtkatalogderwiegendrucke.de/docs/GW12984.htm,data/derived/prayer-book-corpus.csv,Printing statement shared by copies of the edition.,Kirchheim,,,,,,,unresolved,,
00561251-print,00561251,00561251,in00260000,in00260000,print_place,first,0,1,,,Zinna,Zinna,,,,,,,,,,Inc.5.A.48.1[1106],1493,1496,,,gw_extracted_year_range,,needs_review,edition_level_print_statement,GW,M27158,https://gesamtkatalogderwiegendrucke.de/docs/M27158.htm,data/derived/prayer-book-corpus.csv,Printing statement shared by copies of the edition.,Zinna,,,,,,,unresolved,,
02116074-print,02116074,02116074,in00260000,in00260000,print_place,first,0,1,,,Zinna,Zinna,,,,,,,,,,Ink 5.H.65,1493,1496,,,gw_extracted_year_range,,needs_review,edition_level_print_statement,GW,M27158,https://gesamtkatalogderwiegendrucke.de/docs/M27158.htm,data/derived/prayer-book-corpus.csv,Printing statement shared by copies of the edition.,Zinna,,,,,,,unresolved,,
00204685-print,00204685,00204685,in00260000,in00260000,print_place,first,0,1,,,Zinna,Zinna,,,,,,,,,,Auct. 1Q 7.70.,1493,1496,,,gw_extracted_year_range,,needs_review,edition_level_print_statement,GW,M27158,https://gesamtkatalogderwiegendrucke.de/docs/M27158.htm,data/derived/prayer-book-corpus.csv,Printing statement shared by copies of the edition.,Zinna,,,,,,,unresolved,,
00200704-print,00200704,00200704,io00030200,io00030200,print_place,first,0,1,,,Bologna,Bologna,,,,,,,,,,codici miniati no. 80,1498,1498,,,gw_extracted_year_range,,needs_review,edition_level_print_statement,GW,13390,https://gesamtkatalogderwiegendrucke.de/docs/GW13390.htm,data/derived/prayer-book-corpus.csv,Printing statement shared by copies of the edition.,Bologna,,,,,,,unresolved,,
00200704-current,00200704,00200704,io00030200,io00030200,current_holding,last,1,1,,,"Bologna, Archivio di Stato",,,,,,,,IT,BolognaArchStato,"Bologna, Archivio di Stato",codici miniati no. 80,,,,2026-09-30,current_observation_only,,needs_review,current_holding_statement,MEI,00200704,https://data.cerl.org/mei/00200704,data/expanded/mei-corpus.json,Observed as the current holding institution; no arrival date is inferred.,,,,,,,,unresolved,,
00200705-print,00200705,00200705,io00030200,io00030200,print_place,first,0,1,,,Bologna,Bologna,,,,,,,,,,16 O.III.29,1498,1498,,,gw_extracted_year_range,,needs_review,edition_level_print_statement,GW,13390,https://gesamtkatalogderwiegendrucke.de/docs/GW13390.htm,data/derived/prayer-book-corpus.csv,Printing statement shared by copies of the edition.,Bologna,,,,,,,unresolved,,
00200705-current,00200705,00200705,io00030200,io00030200,current_holding,last,1,1,,,"Bologna, Biblioteca Comunale dell'Archiginnasio",,,,,,,,IT,BolognaBibliotecaComunaledellArchiginnasio,"Bologna, Biblioteca Comunale dell'Archiginnasio",16 O.III.29,,,,2026-09-30,current_observation_only,,needs_review,current_holding_statement,MEI,00200705,https://data.cerl.org/mei/00200705,data/expanded/mei-corpus.json,Observed as the current holding institution; no arrival date is inferred.,,,,,,,,unresolved,,
00200707-print,00200707,00200707,io00030200,io00030200,print_place,first,0,1,,,Bologna,Bologna,,,,,,,,,,103886,1498,1498,,,gw_extracted_year_range,,needs_review,edition_level_print_statement,GW,13390,https://gesamtkatalogderwiegendrucke.de/docs/GW13390.htm,data/derived/prayer-book-corpus.csv,Printing statement shared by copies of the edition.,Bologna,,,,,,,unresolved,,
00200707-current,00200707,00200707,io00030200,io00030200,current_holding,last,7,1,,,"San Marino CA, Huntington Library",,,,,,,,US,SanMarinoHun,"San Marino CA, Huntington Library",103886,,,,2026-09-30,current_observation_only,,needs_review,current_holding_statement,MEI,00200707,https://data.cerl.org/mei/00200707,data/expanded/mei-corpus.json,Observed as the current holding institution; no arrival date is inferred.,,,,,,,,unresolved,,
00200706-print,00200706,00200706,io00030200,io00030200,print_place,first,0,1,,,Bologna,Bologna,,,,,,,,,,IB.29183,1498,1498,,,gw_extracted_year_range,,needs_review,edition_level_print_statement,GW,13390,https://gesamtkatalogderwiegendrucke.de/docs/GW13390.htm,data/derived/prayer-book-corpus.csv,Printing statement shared by copies of the edition.,Bologna,,,,,,,unresolved,,
02100762-print,02100762,02100762,ip01049460,ip01049460,print_place,first,0,1,,,Zwolle,Zwolle,,,,,,,,,,KW 150 F 5 [1],1491,1492,,,gw_extracted_year_range,,needs_review,edition_level_print_statement,GW,M38907,https://gesamtkatalogderwiegendrucke.de/docs/M38907.htm,data/derived/prayer-book-corpus.csv,Printing statement shared by copies of the edition.,Zwolle,,,,,,,unresolved,,
02174458-current,02174458,02174458,ir00318590,ir00318590,current_holding,last,1,1,,,Castroreale Fondo Museo Civico,,,,,,,,IT,CastrorealeMuseo,Castroreale Fondo Museo Civico,u MC 3(int.3),,,,2026-09-30,current_observation_only,,needs_review,current_holding_statement,MEI,02174458,https://data.cerl.org/mei/02174458,data/expanded/mei-corpus.json,Observed as the current holding institution; no arrival date is inferred.,,,,,,,,unresolved,,
02145460-print,02145460,02145460,ir00361000,ir00361000,print_place,first,0,1,,,Gripsholm,Gripsholm,,,,,,,,,,Inc.4.A.4.15[573],1498,1498,,,gw_extracted_year_range,,needs_review,edition_level_print_statement,GW,M39205,https://gesamtkatalogderwiegendrucke.de/docs/M39205.htm,data/derived/prayer-book-corpus.csv,Printing statement shared by copies of the edition.,Gripsholm,,,,,,,unresolved,,
02147105-print,02147105,02147105,ir00361000,ir00361000,print_place,first,0,1,,,Gripsholm,Gripsholm,,,,,,,,,,1825,1498,1498,,,gw_extracted_year_range,,needs_review,edition_level_print_statement,GW,M39205,https://gesamtkatalogderwiegendrucke.de/docs/M39205.htm,data/derived/prayer-book-corpus.csv,Printing statement shared by copies of the edition.,Gripsholm,,,,,,,unresolved,,
02174836-current,02174836,02174836,is00363000,is00363000,current_holding,last,4,1,,,"Praha, Strahovský klášter",,,,,,,,CZ,PragueStrahov,"Praha, Strahovský klášter",DQ IV 19/2,,,,2026-09-30,current_observation_only,,needs_review,current_holding_statement,MEI,02174836,https://data.cerl.org/mei/02174836,data/expanded/mei-corpus.json,Observed as the current holding institution; no arrival date is inferred.,,,,,,,,unresolved,,
02174835-current,02174835,02174835,is00363000,is00363000,current_holding,last,4,1,,,"Praha, Strahovský klášter",,,,,,,,CZ,PragueStrahov,"Praha, Strahovský klášter",DQ IV 19/2,,,,2026-09-30,current_observation_only,,needs_review,current_holding_statement,MEI,02174835,https://data.cerl.org/mei/02174835,data/expanded/mei-corpus.json,Observed as the current holding institution; no arrival date is inferred.,,,,,,,,unresolved,,
02137128-p003-loc01,02137128,02137128,is00366250,is00366250,provenance_place,intermediate,3,1,02137128-p003,02137128-p003-loc01,Einbände (ohne Nachweis),Einbände (ohne Nachweis),,,,,,,,,,1 in: Gb 508.4,,,,,undated,,non_geographic,copy_level_provenance_place,MEI,02137128-p003,https://data.cerl.org/mei/02137128,data/expanded/mei-corpus.json,,Einbände (ohne Nachweis),,,,,,,unresolved,,
