sample_order,istc_id,gw_ids,corpus_group,corpus_file,gw_titles,print_places_gw,year_from,year_to,date_band,language_statements_gw,istc_url,selection_note
1,ib00512000,04168,supplementary,supplementary-gw-corpus.csv,Bertholdus: Zeitglöcklein des Lebens und Leidens Christi.,Basel,1492,1492,1490s,,https://data.cerl.org/istc/ib00512000,Retained from the initial six-ISTC API test
2,ib00503000,04172,supplementary,supplementary-gw-corpus.csv,"Bertholdus: Zeitglöcklein des Lebens und Leidens Christi, lat.",Köln,1488,1488,1480s,lat.,https://data.cerl.org/istc/ib00503000,Retained from the initial six-ISTC API test
3,ib00506000,04175,supplementary,supplementary-gw-corpus.csv,"Bertholdus: Zeitglöcklein des Lebens und Leidens Christi, lat.",Basel,1490,1490,1490s,lat.,https://data.cerl.org/istc/ib00506000,Retained from the initial six-ISTC API test
4,ih00370100,13403,horae,horae-gw-corpus.csv,Horae ad usum Romanum bzw. Traiectensem (Utrecht).,Antwerpen,1492,1492,1490s,,https://data.cerl.org/istc/ih00370100,Retained from the initial six-ISTC API test
5,ih00427000,13403,horae,horae-gw-corpus.csv,Horae ad usum Romanum bzw. Traiectensem (Utrecht).,Antwerpen,1492,1492,1490s,,https://data.cerl.org/istc/ih00427000,Retained from the initial six-ISTC API test
6,ih00427100,13403,horae,horae-gw-corpus.csv,Horae ad usum Romanum bzw. Traiectensem (Utrecht).,Antwerpen,1492,1492,1490s,,https://data.cerl.org/istc/ih00427100,Retained from the initial six-ISTC API test
7,ih00373800,1313950N | 1319250N,horae,horae-gw-corpus.csv,Horae ad usum Romanum. | Horae ad usum abbatiae Beati Martini de Maceyo (Massay).,Paris,1493,1497,1490s,,https://data.cerl.org/istc/ih00373800,Retained to test one ISTC identifier linked to multiple GW records
8,ig00113060,12999,horae,horae-gw-corpus.csv,"Horae, niederdeutsch.",Lübeck,1478,1478,through_1479,niederdeutsch,https://data.cerl.org/istc/ig00113060,Stratified pilot selection: through 1479; Lübeck; niederdeutsch
9,ig00112800,12988,horae,horae-gw-corpus.csv,"Horae, deutsch.",Ulm,1476,1476,through_1479,deutsch,https://data.cerl.org/istc/ig00112800,Stratified pilot selection: through 1479; Ulm; deutsch
10,ic00788150,13391,horae,horae-gw-corpus.csv,"Horae, ital. Compagnia dei Battuti.",Florenz,1477,1477,through_1479,ital.,https://data.cerl.org/istc/ic00788150,Stratified pilot selection: through 1479; Florenz; ital.
11,ih00357340,13360,horae,horae-gw-corpus.csv,Horae. Officium BMV secundum usum Romanum.,Venedig,1478,1478,through_1479,,https://data.cerl.org/istc/ih00357340,Stratified pilot selection: through 1479; Venedig; language not stated in extracted GW title
12,ih00357360,13337,horae,horae-gw-corpus.csv,Horae. Officium BMV secundum usum Romanum.,Neapel,1478,1478,through_1479,,https://data.cerl.org/istc/ih00357360,Stratified pilot selection: through 1479; Neapel; language not stated in extracted GW title
13,ih00420200,13021,horae,horae-gw-corpus.csv,Horae ad usum Sarum (Salisbury).,Westminster,1478,1478,through_1479,,https://data.cerl.org/istc/ih00420200,Stratified pilot selection: through 1479; Westminster; language not stated in extracted GW title
14,ih00429300,13424,horae,horae-gw-corpus.csv,"Horae, niederl. Getijdenboek (Almanach 1480–1521).",Delft,1480,1480,1480s,niederl.,https://data.cerl.org/istc/ih00429300,Stratified pilot selection: 1480s; Delft; niederl.
15,ih00357050,13113,horae,horae-gw-corpus.csv,"Horae ad usum Pictaviensem (Poitiers) (Almanach 1489–1508). Darin: Pseudo-Hieronymus, Sophronius Eusebius: Epistola ad Marcellam, franz.",Paris,1489,1490,1480s,franz.,https://data.cerl.org/istc/ih00357050,Stratified pilot selection: 1480s; Paris; franz.
16,ih00420300,13013,horae,horae-gw-corpus.csv,Horae ad usum Sarum (Salisbury).,London,1484,1484,1480s,,https://data.cerl.org/istc/ih00420300,Stratified pilot selection: 1480s; London; language not stated in extracted GW title
17,ih00362700,13034,horae,horae-gw-corpus.csv,Horae. Officium BMV secundum usum Romanum.,Lyon,1489,1489,1480s,,https://data.cerl.org/istc/ih00362700,Stratified pilot selection: 1480s; Lyon; language not stated in extracted GW title
18,ih00357380,12965,horae,horae-gw-corpus.csv,Horae. Cursus.,Nürnberg,1482,1482,1480s,,https://data.cerl.org/istc/ih00357380,Stratified pilot selection: 1480s; Nürnberg; language not stated in extracted GW title
19,ih00427995,12983,horae,horae-gw-corpus.csv,"Horae, deutsch. Curs.",Augsburg,1485,1485,1480s,deutsch,https://data.cerl.org/istc/ih00427995,Stratified pilot selection: 1480s; Augsburg; deutsch
20,ig00113090,13012,horae,horae-gw-corpus.csv,"Horae, niederdeutsch. Seven tyde Unser Liever Vrauwen.",Magdeburg,1483,1484,1480s,niederdeutsch,https://data.cerl.org/istc/ig00113090,Stratified pilot selection: 1480s; Magdeburg; niederdeutsch
21,ih00357440,13031,horae,horae-gw-corpus.csv,Horae ad usum Romanum.,Genf,1480,1480,1480s,,https://data.cerl.org/istc/ih00357440,Stratified pilot selection: 1480s; Genf; language not stated in extracted GW title
22,ih00357500,13353,horae,horae-gw-corpus.csv,Horae. Officium BMV.,Rom,1481,1481,1480s,,https://data.cerl.org/istc/ih00357500,Stratified pilot selection: 1480s; Rom; language not stated in extracted GW title
23,ih00426500,13413,horae,horae-gw-corpus.csv,Horae ad usum Traiectensem (Utrecht)(?).,Gouda,1483,1484,1480s,,https://data.cerl.org/istc/ih00426500,Stratified pilot selection: 1480s; Gouda; language not stated in extracted GW title
24,ih00485000,12969,horae,horae-gw-corpus.csv,"Horae. Hortulus animae. Daran: Duranti, Guillelmus: Rationale divinorum officiorum. Ausz.(?).",Strassburg,1498,1498,1490s,,https://data.cerl.org/istc/ih00485000,Stratified pilot selection: 1490s; Strassburg; language not stated in extracted GW title
25,ih00430500,13432,horae,horae-gw-corpus.csv,"Horae, niederl. Getijdenboek.",Leiden,1494,1494,1490s,niederl.,https://data.cerl.org/istc/ih00430500,Stratified pilot selection: 1490s; Leiden; niederl.
26,ih00431400,13438,horae,horae-gw-corpus.csv,"Horae, niederl. Getijdenboek.",Schoonhoven,1498,1498,1490s,niederl.,https://data.cerl.org/istc/ih00431400,Stratified pilot selection: 1490s; Schoonhoven; niederl.
27,ih00347500,13324,horae,horae-gw-corpus.csv,Horae ad usum Macloviensem (Saint-Malo) (Almanach 1493–1513?).,Rouen,1498,1498,1490s,,https://data.cerl.org/istc/ih00347500,Stratified pilot selection: 1490s; Rouen; language not stated in extracted GW title
28,ih00348050,12956,horae,horae-gw-corpus.csv,Horae. Orationale secundum ecclesiam Misnensem (Meißen).,Leipzig,1495,1495,1490s,,https://data.cerl.org/istc/ih00348050,Stratified pilot selection: 1490s; Leipzig; language not stated in extracted GW title
29,ih00365800,12954,horae,horae-gw-corpus.csv,Horae nostrae dominae secundum usum ecclesiae Romanae.,Kirchheim,1491,1491,1490s,,https://data.cerl.org/istc/ih00365800,Stratified pilot selection: 1490s; Kirchheim; language not stated in extracted GW title
30,ih00392130,13409,horae,horae-gw-corpus.csv,Horae. Cursus de domina. Daran: Stella clericorum.,Deventer,1497,1497,1490s,,https://data.cerl.org/istc/ih00392130,Stratified pilot selection: 1490s; Deventer; language not stated in extracted GW title
31,ih00366800,13444,horae,horae-gw-corpus.csv,Horae ad usum Romanum.,Zaragoza,1490,1490,1490s,,https://data.cerl.org/istc/ih00366800,Stratified pilot selection: 1490s; Zaragoza; language not stated in extracted GW title
32,io00049000,13330,horae,horae-gw-corpus.csv,Horae. Officium.,Ferrara,1497,1497,1490s,,https://data.cerl.org/istc/io00049000,Stratified pilot selection: 1490s; Ferrara; language not stated in extracted GW title
33,ih00430150,13431,horae,horae-gw-corpus.csv,"Horae, niederl. Getijdenboek.",Hasselt,1490,1490,1490s,niederl.,https://data.cerl.org/istc/ih00430150,Stratified pilot selection: 1490s; Hasselt; niederl.
34,ih00420580,13093,horae,horae-gw-corpus.csv,Horae ad usum Sarum (Salisbury).,Paris oder Rouen,1495,1495,1490s,,https://data.cerl.org/istc/ih00420580,Stratified pilot selection: 1490s; Paris oder Rouen; language not stated in extracted GW title
35,ih00438000,13443,horae,horae-gw-corpus.csv,"Horae. Hores de la setmana sancta segons lo us de Valencia, lat. u. katalan.",Valencia,1494,1494,1490s,lat.,https://data.cerl.org/istc/ih00438000,Stratified pilot selection: 1490s; Valencia; lat.
36,ih00427965,13441,horae,horae-gw-corpus.csv,Horae secundum ordinem S. Benedicti.,Montserrat,1499,1499,1490s,,https://data.cerl.org/istc/ih00427965,Stratified pilot selection: 1490s; Montserrat; language not stated in extracted GW title
37,ih00337800,13327,horae,horae-gw-corpus.csv,Horae ad usum Aeduensem (Autun).,Troyes,1493,1494,1490s,,https://data.cerl.org/istc/ih00337800,Stratified pilot selection: 1490s; Troyes; language not stated in extracted GW title
38,ih00484300,13447,horae,horae-gw-corpus.csv,"Horae. Horologium secundum ritum laurae S. Sabbae Hierosolimis, kirchenslawisch. (﻿асословєць, Časoslov).",Krakau,1491,1491,1490s,,https://data.cerl.org/istc/ih00484300,Stratified pilot selection: 1490s; Krakau; language not stated in extracted GW title
39,ih00344500,13033,horae,horae-gw-corpus.csv,Horae ad usum Ebroicensem (Évreux).,Goupillières,1491,1491,1490s,,https://data.cerl.org/istc/ih00344500,Stratified pilot selection: 1490s; Goupillières; language not stated in extracted GW title
40,ih00424700,13049,horae,horae-gw-corpus.csv,Horae ad usum Sarum (Salisbury).,Paris(?),1500,1500,1500_or_later,,https://data.cerl.org/istc/ih00424700,Stratified pilot selection: 1500 or later; Paris(?); language not stated in extracted GW title
41,ig00111800,XI468BP,horae,horae-gw-corpus.csv,"Horae, niederländisch. Seven Gebeden.",Zwolle,1500,1500,1500_or_later,niederl.,https://data.cerl.org/istc/ig00111800,Stratified pilot selection: 1500 or later; Zwolle; niederl.
42,ih00336100,13328,horae,horae-gw-corpus.csv,Horae.,Italien,1500,1500,1500_or_later,,https://data.cerl.org/istc/ih00336100,Stratified pilot selection: 1500 or later; Italien; language not stated in extracted GW title
43,ih00436430,12944,horae,horae-gw-corpus.csv,Horae.,Deutschland,1500,1500,1500_or_later,,https://data.cerl.org/istc/ih00436430,Stratified pilot selection: 1500 or later; Deutschland; language not stated in extracted GW title
44,ih00357370,1338820N,horae,horae-gw-corpus.csv,Horae. Officium BMV.,Venedig,1500,1500,1500_or_later,,https://data.cerl.org/istc/ih00357370,Stratified pilot selection: 1500 or later; Venedig; language not stated in extracted GW title
45,ih00425400,13019,horae,horae-gw-corpus.csv,Horae ad usum Sarum (Salisbury)(?).,London,1500,1500,1500_or_later,,https://data.cerl.org/istc/ih00425400,Stratified pilot selection: 1500 or later; London; language not stated in extracted GW title
46,ih00425200,13028,horae,horae-gw-corpus.csv,Horae ad usum Sarum (Salisbury)(?).,Westminster,1500,1500,1500_or_later,,https://data.cerl.org/istc/ih00425200,Stratified pilot selection: 1500 or later; Westminster; language not stated in extracted GW title
47,ih00357350,1333510,horae,horae-gw-corpus.csv,Horae. Officium BMV secundum usum Romanum.,Neapel,,,unknown,,https://data.cerl.org/istc/ih00357350,Stratified pilot selection: date not extracted; Neapel; language not stated in extracted GW title
48,ic00788600,13394,horae,horae-gw-corpus.csv,"Horae, ital. Compagnia dei Battuti.",Florenz,,,unknown,ital.,https://data.cerl.org/istc/ic00788600,Stratified pilot selection: date not extracted; Florenz; ital.
49,ig00113300,M2802830,supplementary,supplementary-gw-corpus.csv,"Orationes. Gebete, deutsch.",Südwestdeutschland (Ulm oder Reutlingen?),1478,1478,through_1479,deutsch,https://data.cerl.org/istc/ig00113300,Stratified pilot selection: through 1479; Südwestdeutschland (Ulm oder Reutlingen?); deutsch
50,ib00677300,04363,supplementary,supplementary-gw-corpus.csv,"Pseudo-Birgitta: Orationes quindecim. Daran: Columna, Aegidius: Hymnus in S. Veronicam.",Rom,1478,1478,through_1479,,https://data.cerl.org/istc/ib00677300,Stratified pilot selection: through 1479; Rom; language not stated in extracted GW title
51,is00687000,M38911,supplementary,supplementary-gw-corpus.csv,"Rosarium, deutsch. Rosenkranz.",Augsburg,1477,1477,through_1479,deutsch,https://data.cerl.org/istc/is00687000,Stratified pilot selection: through 1479; Augsburg; deutsch
52,ir00360500,M39208,supplementary,supplementary-gw-corpus.csv,"Rupe, Alanus de: De utilitate Psalterii Marie, niederl.",Utrecht,1480,1480,1480s,niederl.,https://data.cerl.org/istc/ir00360500,Stratified pilot selection: 1480s; Utrecht; niederl.
53,ir00318600,M38930,supplementary,supplementary-gw-corpus.csv,Rosarium odor vitae.,Gaeta,1487,1487,1480s,,https://data.cerl.org/istc/ir00318600,Stratified pilot selection: 1480s; Gaeta; language not stated in extracted GW title
54,ib00683600,0438805N,supplementary,supplementary-gw-corpus.csv,"Pseudo-Birgitta: Orationes quindecim, engl.",Westminster,1491,1491,1490s,engl.,https://data.cerl.org/istc/ib00683600,Stratified pilot selection: 1490s; Westminster; engl.
55,ib00685000,04387,supplementary,supplementary-gw-corpus.csv,"Pseudo-Birgitta: Orationes quindecim, deutsch.",Reutlingen,1494,1494,1490s,deutsch,https://data.cerl.org/istc/ib00685000,Stratified pilot selection: 1490s; Reutlingen; deutsch
56,ib01268480,0567010N,supplementary,supplementary-gw-corpus.csv,"Buchsbaum, Sixt: Unser lieben Frauen Rosenkranz.",Erfurt,1494,1494,1490s,,https://data.cerl.org/istc/ib01268480,Stratified pilot selection: 1490s; Erfurt; language not stated in extracted GW title
57,io00069000,M28049,supplementary,supplementary-gw-corpus.csv,Orationes sacrae ad plenum collectae.,Burgos,1500,1500,1500_or_later,,https://data.cerl.org/istc/io00069000,Stratified pilot selection: 1500 or later; Burgos; language not stated in extracted GW title
58,il00194850,M28050,supplementary,supplementary-gw-corpus.csv,Orationes sacrae ad plenum collectae.,Salamanca,1500,1500,1500_or_later,,https://data.cerl.org/istc/il00194850,Stratified pilot selection: 1500 or later; Salamanca; language not stated in extracted GW title
59,iw00019300,M28015,supplementary,supplementary-gw-corpus.csv,Orationes. Gebete für Herzog Wilhelm von Baiern. 1432.,Bayern,,,unknown,,https://data.cerl.org/istc/iw00019300,Stratified pilot selection: date not extracted; Bayern; language not stated in extracted GW title
60,in00259800,M27155,supplementary,supplementary-gw-corpus.csv,"Nitzschewitz, Hermann: De gulden rosen krans der soten gotliken leve (Rosarium).",Lüneburg,,,unknown,,https://data.cerl.org/istc/in00259800,Stratified pilot selection: date not extracted; Lüneburg; language not stated in extracted GW title
