Pruef_ID;Stationstyp;Ortsangabe_Quelle;Pruefgrund;Frage_oder_Vorschlag;Deine_Ortszuweisung;Dein_Kommentar;Land_Quelle;GeoNames_ID;Exemplare;Stationen;Beispiel_Titel;Druckangabe;Bibliothek_Signatur;Besitzer_und_Kontext;MEI_Link_1;MEI_Link_2;MEI_Link_3;Station_IDs
ORT-0cc7e8bbd8;Druckort;Burgdorf;Widersprüchliche Ortszuordnung;In der bisherigen Tabelle steht Land DE. Welches Burgdorf ist beim Druck von 1475 gemeint? Die Länderzuordnung muss am Katalog geprüft werden.;Burgdorf, Kanton Bern, Schweiz;Zuordnung durch Stefan Matter: Schweizer Ort im Kanton Bern. Bisherige Länderangabe DE korrigieren.;DE;;3;3;Legenda Sancti Wolfgangi;Burgdorf : [Printer of Jacobus de Clusa (H 9349*)], 1475;Zürich, Zentralbibliothek — Ink K 212;;https://data.cerl.org/mei/02139927;https://data.cerl.org/mei/00207189;https://data.cerl.org/mei/02177641;02139927-print | 00207189-print | 02177641-print
ORT-f674c8b205;Druckort;Rouen or Paris;Alternativen in der Quelle;Vorschlag: beide Alternativen im Text bewahren, keinen einzelnen Druckort als Kartenpunkt wählen.;;;FR;;1;1;Le Mystère de l'Incarnation et Nativité de Nostre Saulveur et redempteur Jesus Christ;[Rouen or Paris : Baptiste Bourguet, about 1495-96];Wien, Österreichische  Nationalbibliothek — Ink 2.E.25;;https://data.cerl.org/mei/02118190;;;02118190-print
ORT-1de57b29a0;Druckort;Soncino and Casal Maggiore;Mehrere Druckorte;"Die Druckangabe nennt zwei Orte und zwei Zeitabschnitte. Vorschlag: beide im Text bewahren; daraus keine Reise des Exemplars zwischen den Druckorten ableiten.";;;IT;;20;20;Mahazor;Soncino and Casal Maggiore : Sons of Israel Nathan Soncino, between 10 Sept. and 9 Oct. 1485 and 21 and 29 Aug. 1486;Paris, Bibliothèque nationale de France — Rés. Vélins 907;;https://data.cerl.org/mei/02132906;https://data.cerl.org/mei/02132902;https://data.cerl.org/mei/02124184;02132906-print | 02132902-print | 02124184-print | 02122143-print | 02123792-print | 02135033-print | 02125292-print | 02122600-print | 02123793-print | 02123154-print | 02123794-print | 02124990-print | 02148374-print | 02148633-print | 02155508-print | 02157654-print | 02171232-print | 02171231-print | 02167029-print | 02161021-print
ORT-967f312f69;Druckort;Southern Germany (Constance?);Gebiet mit vermutetem Ort;"Vorschlag: Gebietsangabe und Vermutung bewahren; keinen gesicherten Punkt in Konstanz setzen.";;;DE;;5;5;Breviarium Constantiense (Constance);[Southern Germany (Constance?) : Printer of Remigius (Heinrich Jan?), about 1475 (not after 17 Aug. 1476)];London, British Library — IB.38308;;https://data.cerl.org/mei/02015301;https://data.cerl.org/mei/02115234;https://data.cerl.org/mei/02133362;02015301-print | 02115234-print | 02133362-print | 02130125-print | 02136093-print
ORT-a437489aca;Druckort;Venice or Milan?;Alternativen in der Quelle;Vorschlag: beide Alternativen und Fragezeichen bewahren, keinen einzelnen Druckort als Kartenpunkt wählen.;;;IT;;1;1;Breviarium Romanum;[Venice or Milan? : n.pr., about 1490];Boston MA, Public Library — in progress - awaiting verification;;https://data.cerl.org/mei/02165826;;;02165826-print
ORT-6b56b2c3b2;Provenienzstation;Bassano (?);Historischer Ortsname;Welches Bassano ist gemeint? Die Notiz lautet F. Innocentio Balbino Bassano. Das Fragezeichen der Quelle bleibt erhalten.;Bassano del Grappa, Italien;Zuordnung durch Stefan Matter: Dominikanerkloster in Bassano del Grappa. Das Fragezeichen der Quellenangabe bleibt als Quellenbefund erhalten.;;;1;1;Missale Dominicanum seu Ordinis Praedicatorum;Venice : Johannes Hamman, for Octavianus Scotus, 1 Feb. 1494;Brescia, Biblioteca Queriniana — Inc.B.VI.13;Innocenzo Balbino | F. Innocentio Balbino Bassano | Italia;https://data.cerl.org/mei/02003026;;;02003026-p001-loc01
ORT-2987b4033f;Provenienzstation;Graflingen;Unsichere Lesung;Die Notiz selbst liest pastoris in Graflingen [?]. Ist damit das heutige Grafling gemeint oder bleibt die Zuordnung offen?;;"Stefan Matter kann den Ort nicht zuordnen; Grafling bleibt eine Vermutung. Kein Kartenpunkt ohne weitere Klärung.";;;1;1;Poenitentionarius de confessione (i.e. Poeniteas cito). Add: Hieronymus de Vallibus: Jesuida seu de passione Christi. Venatius Honorius Clementianus Fortunatus: S. De Resurrectione Christi carmen;[Strassburg : Johann (Reinhard) Grüninger, about 1497];Solothurn, Zentralbibliothek  — ZBS Rar 67 (1 an);"Hottel, Johann | Handschriftliche Besitzvermerke auf Titelseite: "" ... blaubüren ...""; späterer hs. Vermerk: ""Ex libris Joan. Hottelii [?] pastoris in Graflingen [?]""";https://data.cerl.org/mei/02134213;;;02134213-p002-loc01
ORT-2fab5bb609;Provenienzstation;Hartwood;Ort und Gebiet prüfen;Die Quelle nennt Hartwood, Imogen Dimock und den Gebietscode n-us-ny. Welcher Ort ist gemeint?;;;;;1;1;Peregrinatio in terram sanctam;[Speyer] : Peter Drach, 29 July 1490;Northampton MA, Smith College — Inc B-1190;Dimock, Imogen | Gift of Mrs. Dimock to Smith, 1968.  | n-us-ny;https://data.cerl.org/mei/02010968;;;02010968-p003-loc01
ORT-8969cd3279;Provenienzstation;Monte Leone;Mehrdeutiger Ortsname;Welches Monte Leone ist gemeint? Der Kontext nennt die Marchesa Angelica Bisogni, aber keinen weiteren Ortszusatz.;;Stefan Matter vermutet einen Ort im Umfeld von Neapel aufgrund der Herkunft der Besitzerin. Daraus keinen Aufenthaltsort des Exemplars ableiten.;;;1;1;Fioretti;Venice : [Christophorus de Pensis, de Mandello], 15 Dec. 1490;Milano, Archivio Storico Civico e Biblioteca Trivulziana — Triv. Inc. D 69;"Angelica Bisogni | A c. a1r annotazione ms.: ""Della Signora Marchesa Angilica Bisogni"" | e-it";https://data.cerl.org/mei/02006490;;;02006490-p001-loc01
ORT-2fdd958a50;Provenienzstation;Okno;Historischer Ortsname;Welches Okno gehört zur genannten Sammlung der Familie Cieński? Der Gebietscode lautet e-un.;Ukraine;"Stefan Matter ordnet Okno der Ukraine zu. Der konkrete gleichnamige Ort ist damit noch nicht eindeutig bestimmt; kein Stadtpunkt.";;;1;1;Gesta Christi;Memmingen : [Albrecht Kunne, about 1495];Wrocław, Ossolineum — XV.181 adl.;Cieński family - Okno  | Shelfmark in pen on the title page of the first book in the omnibus book: 1519 [also by the same hand a bibliographical inscription on the front endpaper]. | e-un;https://data.cerl.org/mei/02131097;;;02131097-p005-loc01
ORT-0836e87535;Provenienzstation;Siebeneich;Historischer Ortsname;Welches Siebeneich ist in Curato in Sibenaich gemeint? Kontext: Servatius Scharpff und Steingaden.;Siebeneich bei Bretzfeld, 74626, Deutschland;Wahrscheinliche Zuordnung durch Stefan Matter (dürfte). Nicht als gesichert behandeln.;;;1;1;Corona B.M.V.;[Strassburg : Printer of the 1483 'Vitas Patrum', about 1485];Cambridge MA, Harvard University, Houghton Library — Inc 426;"Scharpff, Servatius | Inscribed: ""Vsui FF. Staingadensium comparatus â P. F. Seruatio Scharpff Curato in Sibenaich."" | e-gx";https://data.cerl.org/mei/02008025;;;02008025-p003-loc01
ORT-d184dea48d;Provenienzstation;Vorpillière;Ortsname und Länderangabe prüfen;"Welcher Ort ist bei Paul Edouard Didier Riant gemeint? Die Quelle verbindet Vorpillière mit e-fr; diese Zuordnung ist noch zu prüfen.";Vorpillière bei Massongex, Schweiz;Zuordnung durch Stefan Matter. Bisherige Gebietsangabe Frankreich steht dazu im Widerspruch und bleibt im Original erhalten.;;;2;2;Peregrinatio in terram sanctam;Mainz : Erhard Reuwich, 11 Feb. 1486;Cambridge MA, Harvard University, Houghton Library — fTyp Inc 156;"Riant, Paul Edouard Didier <comte> | Riant's collections were sold through the Paris bookseller A. Picard.  His bookplate has ms. note ""#19"" next to it. | e-fr || Riant, Paul Edouard Didier <comte> | Booklabel inside front cover. | e-fr";https://data.cerl.org/mei/02005231;https://data.cerl.org/mei/02008336;;02005231-p003-loc01 | 02008336-p004-loc01
