Pruef_ID;Stationstyp;Ortsangabe_Quelle;Land_Quelle;GeoNames_ID;Exemplare;Stationen;Beispiel_Titel;Druckangabe;Bibliothek_Signatur;Besitzer_und_Kontext;MEI_Link_1;MEI_Link_2;MEI_Link_3;Deine_Ortszuweisung;Dein_Kommentar;Station_IDs
ORT-e036f6c54a;Heutiger Standort;(ohne Ortsangabe);;;14;14;Revelationes [Low German];Lübeck : Bartholomaeus Ghotan, [about 1485]; — AC IV, 104;;https://data.cerl.org/mei/02132303;https://data.cerl.org/mei/02146530;https://data.cerl.org/mei/02151092;;;02132303-current | 02146530-current | 02151092-current | 00202383-current | 02146374-current | 02132294-current | 02131228-current | 02177639-current | 00200267-current | 02176095-current | 02176737-current | 02176647-current | 02176688-current | 02177641-current
ORT-7eed5e3080;Heutiger Standort;Historical Copy;;;7;7;Meditationes vitae Christi. Add: Bonaventura: Lignum vitae. Johannes de Peckham: Canticum de sanctissimo nomine Jesu Christi;Pavia : [Franciscus Girardengus and Johannes Antonius Birreta, for] Jacobus de Paucis Drapis Burgofrancho, 4 Mar. 1490;Historical Copy — Bergamo, Biblioteca Civica Angelo Mai, Sala I, A.XI.53 (1);;https://data.cerl.org/mei/02149757;https://data.cerl.org/mei/02012648;https://data.cerl.org/mei/02018101;;;02149757-current | 02012648-current | 02018101-current | 02149758-current | 02137773-current | 02146515-current | 00201163-current
ORT-4032e6c10f;Heutiger Standort;Trade Copy;;;1;1;Breviarium Romanum (Franciscan usage);Venice : Jacobus Rubeus, 1474;Trade Copy — Milan, Il Ponte, auction 408, 21 November 2017, lot 2325;;https://data.cerl.org/mei/02121741;;;;;02121741-current
ORT-234c562d29;Druckort;(ohne Ortsangabe);FR;;1;1;Ordo missae secundum morem ecclesiae Ratisponensis; : , [after 1500?];Cambridge MA, Harvard University, Houghton Library — Inc 572A;;https://data.cerl.org/mei/02008337;;;;;02008337-print
ORT-460cc9ee5d;Druckort;Southern Netherlands;;;4;4;Breviarium Saresberiense (Salisbury);[Southern Netherlands : Printer of the 'Breviarium Sarum', about 1475];Cambridge, University Library — Inc.5.A.4.14[564];;https://data.cerl.org/mei/00559446;https://data.cerl.org/mei/00559445;https://data.cerl.org/mei/00204813;;;00559446-print | 00559445-print | 00204813-print | 00211952-print
ORT-5eace3ce03;Provenienzstation;(ohne Ortsangabe);;;1;2;Breviarium Cartusianum. Ed: Conventus Cartusianorum de Padua;Venice : Andreas Torresanus, de Asula, 5 May [1491];"New York NY, The Morgan Library and Museum — PML 1018; ChL 910";;https://data.cerl.org/mei/02159635;;;;;02159635-p003-loc01 | 02159635-p004-loc01
ORT-1cdfb8424a;Provenienzstation;Buchbinderwerkstätten (nicht lokalisiert);;;15;15;Agenda Herbipolensis (Würzburg). Ed: by Rudolphus de Scherenberg, Episcopus Herbipolensis ;Würzburg : Georg Reyser, [not before 2 June 1482];Tübingen, Universitätsbibliothek — Gi 291 a.4;Rolle 28a Nürnberg StA || Adler-Raute || Rolle 122 Stuttg. LB || F. D. || K. R. (Rolle) || Blütenranke Raute || Zweig frei || Dreiblatt eiförmig || P. A. || Ornament-Blüte frei || Doppeladler rund II || Rollen || D. G. D. || 1549 Rolle Ia || Rolle 1549;https://data.cerl.org/mei/02135267;https://data.cerl.org/mei/02135759;https://data.cerl.org/mei/02135747;;;02135267-p004-loc01 | 02135759-p002-loc01 | 02135747-p002-loc01 | 02135746-p001-loc01 | 02135754-p003-loc01 | 02135758-p004-loc01 | 02136284-p004-loc01 | 02136003-p004-loc01 | 02136283-p002-loc01 | 02136251-p002-loc01 | 02136254-p006-loc01 | 02137009-p005-loc01 | 02135246-p002-loc01 | 02137007-p002-loc01 | 02136778-p002-loc01
ORT-94a69b8b8e;Provenienzstation;Einbände (ohne Nachweis);;;9;9;Breviarium Benedictinum (Congregationis S. Justinae). Ed: Cyprianus;Venice : Andreas Torresanus, de Asula, 22 Sept. 1492;Tübingen, Universitätsbibliothek — Gi 338;Rollen || Einzelstempel;https://data.cerl.org/mei/02135748;https://data.cerl.org/mei/02135216;https://data.cerl.org/mei/02135752;;;02135748-p002-loc01 | 02135216-p002-loc01 | 02135752-p002-loc01 | 02135753-p003-loc01 | 02135757-p003-loc01 | 02137215-p010-loc01 | 02136730-p003-loc01 | 02137128-p003-loc01 | 02137317-p004-loc01
ORT-b94ab641d8;Provenienzstation;Germany;;;4;5;Antiphonarium Basiliense (Basel);[Basel : Michael Wenssler, about 1488];Solothurn, Zentralbibliothek  — ZBS B II 474;"Blüte o-förmig frei | Heller blindgeprägter Ledereinband der Zeit auf Holzdeckeln, zwei Metallschliessen; Streicheisenlinien und spätgotische Einzelstempel, u.a. Knospenstaude, EBDB s000380 und Laubstab, EBDB s000385; Buchbinderei Werkstatt ""Blüte o-förmig frei"", EBDB w000010 | e-gx || e-gx || Gerelsdorff, J. B. | Inscription on [2]r: ""Ex. Lib. J. B. Gerelsdorff."" | e-gx";https://data.cerl.org/mei/02133786;https://data.cerl.org/mei/02005231;https://data.cerl.org/mei/02005268;;;02133786-p001-loc01 | 02005231-p001-loc01 | 02005231-p002-loc01 | 02005268-p001-loc01 | 02007102-p001-loc01
ORT-32025cb120;Provenienzstation;Italien;;;4;8;Breviarium Romanum;Venice : Franciscus Renner, de Heilbronn, 1479;Bergamo, Biblioteca del Clero di S. Alessandro in Colonna — Inc. 70;e-it || All'interno del piatto anteriore: 'Franciscus Marchisus incepit officium die 6 ianuarii la vigilia dela Epifania' | e-it || All'interno del piatto anteriore: 'Questo libro sia de mi Battista' | e-it || All'interno del piatto anteriore titolo e nota bibliografica di mano ottocentesca | e-it;https://data.cerl.org/mei/02008857;https://data.cerl.org/mei/02008943;https://data.cerl.org/mei/02008813;;;02008857-p001-loc01 | 02008857-p002-loc01 | 02008857-p003-loc01 | 02008857-p004-loc01 | 02008857-p005-loc01 | 02008943-p001-loc01 | 02008813-p001-loc01 | 02008865-p001-loc01
ORT-b9867469c0;Provenienzstation;Unknown;;;5;8;Cordiale quattuor novissimorum (with 'Exempla');Deventer : Jacobus de Breda, 1486;Den Haag, Koninklijke Bibliotheek - Nationale Bibliotheek van Nederland — KW 170 G 109;Annotator || Anonymous || unknown | Handwritten inscrition on the title page: Bibliothecae inscript[us] 12 Agusti 1655. || Anonymous | Anonymous;https://data.cerl.org/mei/02101193;https://data.cerl.org/mei/02139787;https://data.cerl.org/mei/02100980;;;02101193-p002-loc01 | 02101193-p003-loc01 | 02101193-p004-loc01 | 02139787-p002-loc01 | 02100980-p001-loc01 | 02100980-p002-loc01 | 02100466-p001-loc01 | 02101297-p001-loc01
