Pruef_ID;Stationstyp;Ortsangabe_Quelle;Land_Quelle;GeoNames_ID;Exemplare;Stationen;Beispiel_Titel;Druckangabe;Bibliothek_Signatur;Besitzer_und_Kontext;MEI_Link_1;MEI_Link_2;MEI_Link_3;Deine_Ortszuweisung;Dein_Kommentar;Station_IDs;Status
ORT-9e25fc5409;Heutiger Standort;Anna C. Hoyt;US;;1;1;Imitatio Christi [Italian] Imitazione di Gesu Cristo;Florence : Antonio de Bartolommeo Miscomini, 1 July 1494;Anna C. Hoyt — in progress - awaiting verification;;https://data.cerl.org/mei/02173226;;;;;02173226-current;Ortsidentifikation offen
ORT-7ba268b029;Heutiger Standort;dispersed;US;;1;1;Imitatio Christi. Add: Johannes Gerson: De meditatione cordis;Venice : [Johannes Leoviler, de Hallis] for Franciscus de Madiis, 1486;dispersed — in progress - awaiting verification;;https://data.cerl.org/mei/02173216;;;;;02173216-current;Keine verwertbare Ortsangabe
ORT-b9af2e29d7;Heutiger Standort;St Charles Borromeo Seminary Library;US;;2;2;Imitatio Christi;Venice : Peter Löslein, 1483;St Charles Borromeo Seminary Library — in progress - awaiting verification;;https://data.cerl.org/mei/02162929;https://data.cerl.org/mei/02162939;;;;02162929-current | 02162939-current;Ortsidentifikation offen
ORT-d041780fd8;Heutiger Standort;St Francis College;US;;1;1;Libro della divina dottrina [Latin] Liber divinae doctrinae (Tr: Raimundus de Vineis). Add: Orationes selectae. Ed: Marcus Civilis Brixianus;Brescia : Bernardinus de Misintis, 15 Apr. 1496;St Francis College — in progress - awaiting verification;;https://data.cerl.org/mei/02165879;;;;;02165879-current;Ortsidentifikation offen
ORT-646c3fc97e;Druckort;Central Italy?;;;1;1;Missale Fratrum Minorum;[Central Italy? : n.pr., about 1472?];Chicago IL, The Newberry Library — Inc. 7428.5;;https://data.cerl.org/mei/02178826;;;;;02178826-print;Nur Gebiet, kein Ortsmarker
ORT-b49137f493;Druckort;Italy?;IT;;5;5;Breviarium Moguntinum (Mainz);[Italy? : Printer of the Breviarium Moguntinum, about 1480?];Cambridge, University Library — Inc.6.B.2.39[1322];;https://data.cerl.org/mei/00559439;https://data.cerl.org/mei/02128825;https://data.cerl.org/mei/02018263;;;00559439-print | 02128825-print | 02018263-print | 02145477-print | 02161265-print;Nur Gebiet, kein Ortsmarker
ORT-f674c8b205;Druckort;Rouen or Paris;FR;;1;1;Le Mystère de l'Incarnation et Nativité de Nostre Saulveur et redempteur Jesus Christ;[Rouen or Paris : Baptiste Bourguet, about 1495-96];Wien, Österreichische  Nationalbibliothek — Ink 2.E.25;;https://data.cerl.org/mei/02118190;;;;;02118190-print;Mehrdeutige oder mehrteilige Druckangabe
ORT-1de57b29a0;Druckort;Soncino and Casal Maggiore;IT;;20;20;Mahazor;Soncino and Casal Maggiore : Sons of Israel Nathan Soncino, between 10 Sept. and 9 Oct. 1485 and 21 and 29 Aug. 1486;Paris, Bibliothèque nationale de France — Rés. Vélins 907;;https://data.cerl.org/mei/02132906;https://data.cerl.org/mei/02132902;https://data.cerl.org/mei/02124184;;;02132906-print | 02132902-print | 02124184-print | 02122143-print | 02123792-print | 02135033-print | 02125292-print | 02122600-print | 02123793-print | 02123154-print | 02123794-print | 02124990-print | 02148374-print | 02148633-print | 02155508-print | 02157654-print | 02171232-print | 02171231-print | 02167029-print | 02161021-print;Mehrdeutige oder mehrteilige Druckangabe
ORT-967f312f69;Druckort;Southern Germany (Constance?);DE;;5;5;Breviarium Constantiense (Constance);[Southern Germany (Constance?) : Printer of Remigius (Heinrich Jan?), about 1475 (not after 17 Aug. 1476)];London, British Library — IB.38308;;https://data.cerl.org/mei/02015301;https://data.cerl.org/mei/02115234;https://data.cerl.org/mei/02133362;;;02015301-print | 02115234-print | 02133362-print | 02130125-print | 02136093-print;Mehrdeutige oder mehrteilige Druckangabe
ORT-1ef04355d6;Druckort;Southern Italy;;;1;1;Litanie della gloriosa Vergine Maria;[Southern Italy : n.pr., after 1500];Bergamo, Biblioteca Civica Angelo Mai — Inc. 5.053;;https://data.cerl.org/mei/02008687;;;;;02008687-print;Nur Gebiet, kein Ortsmarker
ORT-a437489aca;Druckort;Venice or Milan?;IT;;1;1;Breviarium Romanum;[Venice or Milan? : n.pr., about 1490];Boston MA, Public Library — in progress - awaiting verification;;https://data.cerl.org/mei/02165826;;;;;02165826-print;Mehrdeutige oder mehrteilige Druckangabe
ORT-26377dbd3a;Provenienzstation;(ohne Ortsangabe);;;58;58;Vita Adae et Evae (De creatione Adae et formatione Evae);[Rome : Stephan Plannck, about 1481-87];San Marino CA, Huntington Library — 99928;Vollbehr, Otto Heinrich Friedrich | e-gx;https://data.cerl.org/mei/02156389;https://data.cerl.org/mei/02156399;https://data.cerl.org/mei/02156491;;;02156389-p001-loc01 | 02156399-p001-loc01 | 02156491-p001-loc01 | 02156525-p001-loc01 | 02156789-p001-loc01 | 02156790-p001-loc01 | 02156792-p001-loc01 | 02156793-p001-loc01 | 02156794-p001-loc01 | 02156822-p001-loc01 | 02156943-p001-loc01 | 02156944-p001-loc01 | 02156946-p001-loc01 | 02156947-p001-loc01 | 02156950-p001-loc01 | 02156951-p001-loc01 | 02157116-p001-loc01 | 02157117-p001-loc01 | 02157152-p001-loc01 | 02157158-p001-loc01 | 02157293-p001-loc01 | 02157311-p001-loc01 | 02157324-p001-loc01 | 02157435-p001-loc01 | 02157436-p001-loc01 | 02157441-p001-loc01 | 02157442-p001-loc01 | 02157443-p001-loc01 | 02157444-p001-loc01 | 02157445-p001-loc01 | 02157483-p001-loc01 | 02157506-p001-loc01 | 02157608-p001-loc01 | 02157700-p001-loc01 | 02157701-p001-loc01 | 02157751-p001-loc01 | 02157752-p001-loc01 | 02157753-p001-loc01 | 02157755-p001-loc01 | 02157756-p001-loc01 | 02157759-p001-loc01 | 02157760-p001-loc01 | 02157761-p001-loc01 | 02157762-p001-loc01 | 02157763-p001-loc01 | 02157764-p001-loc01 | 02157778-p001-loc01 | 02157860-p001-loc01 | 02158071-p001-loc01 | 02158080-p001-loc01 | 02158081-p001-loc01 | 02158094-p001-loc01 | 02158100-p001-loc01 | 02158101-p001-loc01 | 02158102-p001-loc01 | 02158109-p001-loc01 | 02158392-p001-loc01 | 02158502-p001-loc01;Keine verwertbare Ortsangabe
ORT-28e893eb04;Provenienzstation;(ohne Ortsangabe);;;1;1;Confessionale: Curam illius habe [Italian] Medicina dell' anima. Add: Trattato dell' excommunicazione. Thomas Aquinas: Orazione laquale diceva quando andava a celebrare. Orazione che se fa dopo la comunione. Li dieci comandamenti volgare fatti in rima. Credo volgare fatto in rima;Bologna : [Balthasar Azoguidus], 1472;"New York NY, The Morgan Library and Museum — PML 79106; ChL 1195V";Contemporary laced paper, bound in Italy.  | e-it;https://data.cerl.org/mei/02158648;;;;;02158648-p001-loc01;Keine verwertbare Ortsangabe
ORT-448fc469b0;Provenienzstation;(ohne Ortsangabe);;;1;1;Monte santo di Dio;Florence : Lorenzo Morgiani and Johannes Petri, 20 Mar. 1491;"New York NY, The Morgan Library and Museum — PML 23212; ChL 1154";Güttler, Gerhart  | Gerhart Güttler (1889-1966), bull's head stamp (front fly leaf verso) | e-gx;https://data.cerl.org/mei/02158661;;;;;02158661-p001-loc01;Keine verwertbare Ortsangabe
ORT-580b248348;Provenienzstation;(ohne Ortsangabe);;;1;1;Meditationes vitae Christi [Italian] Le deuote meditatione sopra la passione del nostro signore (with text ending: scripto di me nele prophetie e psalmi);Venice : Bernardinus Benalius [and Matteo Capcasa (di Codeca), before 6 Apr. 1491];"New York NY, The Morgan Library and Museum — PML 196267; ChL 927D";Meda Riquier Rare Books | Meda Riquier Rare Books, Spring List, 2012, no. 3;https://data.cerl.org/mei/02158786;;;;;02158786-p006-loc01;Keine verwertbare Ortsangabe
ORT-f32d887c18;Provenienzstation;(ohne Ortsangabe);;;1;1;Breviarium Romanum (Franciscan usage);Venice : Petrus de Plasiis, Cremonensis and Bartholomaeus de Blavis, de Alexandria, 18 Apr. 1479;"New York NY, The Morgan Library and Museum — PML 45332; ChL 880";Contemporary northern Italian (Verona/Ferrara?) illumination in both volumes, initials and floral border with abraded armorial (leaf AA1r), illuminated initials (leaves A1r, a1r, and aa1r), minor blue initials added by hand.  | e-it;https://data.cerl.org/mei/02158798;;;;;02158798-p001-loc01;Keine verwertbare Ortsangabe
ORT-f9527599f5;Provenienzstation;(ohne Ortsangabe);;;1;1;Breviarium Romanum (Franciscan usage);Venice : Petrus de Plasiis, Cremonensis and Bartholomaeus de Blavis, de Alexandria, 18 Apr. 1479;"New York NY, The Morgan Library and Museum — PML 45332; ChL 880";Parke-Bernet;https://data.cerl.org/mei/02158798;;;;;02158798-p006-loc01;Keine verwertbare Ortsangabe
ORT-02f1d6d2ee;Provenienzstation;(ohne Ortsangabe);;;1;1;Breviarium Romanum (Franciscan usage);Venice : Petrus de Plasiis, Cremonensis and Bartholomaeus de Blavis, de Alexandria, 18 Apr. 1479;"New York NY, The Morgan Library and Museum — PML 78070; ChL 880";Contemporary northern Italian (Verona/Ferrara?) illumination in both volumes, initials and floral border with abraded armorial (leaf AA1r), illuminated initials (leaves A1r, a1r, and aa1r), minor blue initials added by hand.  | e-it;https://data.cerl.org/mei/02158799;;;;;02158799-p001-loc01;Keine verwertbare Ortsangabe
ORT-a8fda29a84;Provenienzstation;(ohne Ortsangabe);;;1;1;Breviarium Romanum (Franciscan usage);Venice : Petrus de Plasiis, Cremonensis and Bartholomaeus de Blavis, de Alexandria, 18 Apr. 1479;"New York NY, The Morgan Library and Museum — PML 78070; ChL 880";"Evan Nunn, Charles | Charles Evan Nunn, armorial bookplate with motto: ""Fortis esto non ferox"" (front fly leaf verso);";https://data.cerl.org/mei/02158799;;;;;02158799-p006-loc01;Keine verwertbare Ortsangabe
ORT-b1fd767546;Provenienzstation;(ohne Ortsangabe);;;1;1;Breviarium Cartusianum. Ed: Conventus Cartusianorum de Padua;Venice : Andreas Torresanus, de Asula, 5 May [1491];"New York NY, The Morgan Library and Museum — PML 1018; ChL 910";16th-century German blind-stamped calf, dated 1574.  | e-gx;https://data.cerl.org/mei/02159635;;;;;02159635-p001-loc01;Keine verwertbare Ortsangabe
ORT-cf7ce3fa40;Provenienzstation;(ohne Ortsangabe);;;1;1;Breviarium Cisterciense;Venice : Andreas Torresanus, de Asula, 16 Dec. 1494;"New York NY, The Morgan Library and Museum — PML 18222; ChL 912";16th-century German calf, blind-tooled with the name D: Grego: Muller: in the center.  | e-gx;https://data.cerl.org/mei/02158801;;;;;02158801-p001-loc01;Keine verwertbare Ortsangabe
ORT-363329de10;Provenienzstation;(ohne Ortsangabe);;;1;1;Specchio di croce;Florence : Francesco di Dino, 27 Mar. 1490;Washington DC, Library of Congress, Rare Book Division, John Boyd Thacher Collection — Incun. 1490 .C36 Thacher Coll (Copy 1);Olschki, Leo Samuel | e-it;https://data.cerl.org/mei/02159939;;;;;02159939-p003-loc01;Keine verwertbare Ortsangabe
ORT-4f824a0ab4;Provenienzstation;(ohne Ortsangabe);;;1;1;Vita della Vergine Maria;Venice : Lucas Dominici F., Venetus, 17 Feb. 1481;"New York NY, The Morgan Library and Museum — PML 327; ChL 884";Hand decoration: Contemporary northern Italian (Venice) illuminated foliate border and initial (leaf a2r), red initials. Annotations: No marginal notations in text. Unidentified armorial (overpainted or abraded?) (leaf a2r) | e-it;https://data.cerl.org/mei/02158933;;;;;02158933-p001-loc01;Keine verwertbare Ortsangabe
ORT-ba0bfc9bc7;Provenienzstation;(ohne Ortsangabe);;;1;1;Fiore di virtù;Venice : Nel Beretin Convento della Ca Grande, 1474;"New York NY, The Morgan Library and Museum — PML 25152; ChL 838";"Unidentified inscription, Italy, 16th century (leaf [1]/2r, partially visible under UV); 18.5 x 12.5 cm. With 14 leaves from the 1474 quarto edition.Annotations: A few 16th-century marginal notations, faded/washed (partially visible under UV). Hand decoration: Rubrication, contemporary red initials and capital strokes.  | e-it";https://data.cerl.org/mei/02159014;;;;;02159014-p001-loc01;Keine verwertbare Ortsangabe
ORT-4b98d8ad53;Provenienzstation;(ohne Ortsangabe);;;1;1;Graduale Romanum (Ed: Franciscus de Brugis);"Venice : Johannes Emericus, de Spira, for Lucantonio Giunta, 28 Sept. 1499; 14 Jan. 1499/1500; 1 Mar. 1500";"New York NY, The Morgan Library and Museum — PML 127642; ChL 983J";"Contemporary (Italian?) reddish-purple vellum over beech boards, sewn on 3 supports; rebacked. Rear board partially missing vellum. 2 of 4 corner bosses intact; 2 of 4 pin catches on top board, 4 clasps missing. Title label on top board: GRAD:DO. Contemporary corrections to musical text with stamped letters. Manuscript strokes aligning music and text, similarly added in other copies (in-house correction?). | e-it";https://data.cerl.org/mei/02159053;;;;;02159053-p001-loc01;Keine verwertbare Ortsangabe
ORT-a6e829cdc0;Provenienzstation;(ohne Ortsangabe);;;1;1;Imitatio Christi [Italian] Imitazione di Gesu Cristo;Florence : Antonio di Bartolommeo Miscomini, 22 July 1493;"New York NY, The Morgan Library and Museum — PML 38788.1; ChL 1118A";Fisher, Richard | [likely Richard Fisher (1908-1890), through inheritance to:] ;https://data.cerl.org/mei/02159107;;;;;02159107-p002-loc01;Keine verwertbare Ortsangabe
ORT-525826e066;Provenienzstation;(ohne Ortsangabe);;;1;1;Imitatio Christi [Italian] Imitazione di Gesu Cristo;Florence : Antonio di Bartolommeo Miscomini, 22 July 1493;"New York NY, The Morgan Library and Museum — PML 38788.1; ChL 1118A";"Fisher, R. C. | R.C. Fisher (b. 1841); his sale, Sotheby's, 21 May 1906, lot 574";https://data.cerl.org/mei/02159107;;;;;02159107-p003-loc01;Keine verwertbare Ortsangabe
ORT-06343216c7;Provenienzstation;(ohne Ortsangabe);;;1;1;Mirabilia Romae;[Sant'Orso : Johannes de Reno, about 1475];"New York NY, The Morgan Library and Museum — PML 127077; ChL 1279M";"Kissner, Franklin H.  | Franklin H. Kissner (1909-1988), his sale: Christie's London, 3 Oct. 1990, lot 282;";https://data.cerl.org/mei/02159628;;;;;02159628-p004-loc01;Keine verwertbare Ortsangabe
ORT-9087a83161;Provenienzstation;(ohne Ortsangabe);;;1;1;Missale Romanum. Ed: Philippus de Rotingo;Venice : Nicolaus de Frankfordia, 1485;Washington DC, Library of Congress, John Davis Batchelder Collection — Incun. 1485 .C347 Batchelder Coll (Copy 1);Batchelder, John Davis | The location of Batchelder's library before its donation to the Library of Congress is uncertain.  | n-us;https://data.cerl.org/mei/02160135;;;;;02160135-p001-loc01;Keine verwertbare Ortsangabe
ORT-df697b8990;Provenienzstation;(ohne Ortsangabe);;;1;1;Ordo missae secundum morem ecclesiae Ratisponensis; : , [after 1500?];Cambridge MA, Harvard University, Houghton Library — Inc 572A;Nestereos | MS notations on title page, “Nesteros annos 15.95”, “Nestereos annos viuas 15.95.”, “[s?] Nestereos”, and “Nestereos Annos Anno D[omi]ni Millesimo Quingentesimo Quinto”. | e-gx;https://data.cerl.org/mei/02008337;;;;;02008337-p001-loc01;Keine verwertbare Ortsangabe
ORT-fceb6fd378;Provenienzstation; ;; ;1;1;Psalmi poenitentiales. Comm: Paulus Florentinus;[Milan : Leonardus Pachel and Uldericus Scinzenzeler, 1479];Solothurn, Zentralbibliothek  — ZBS KBS Y III (1 an);"Züling, Petrus | Handschriftlicher Besitzvermerk am Kopf der Titelseite des vorgebundenen Drucks: ""petr[us] Züling ... Emptus xvj batzis ...""";https://data.cerl.org/mei/02133500;;;;;02133500-p001-loc01;Keine verwertbare Ortsangabe
ORT-dd4c7fe627;Provenienzstation;(ohne Ortsangabe);;;1;1;Sacramentale Neapolitanum;Naples : Jodocus Hohenstein, 14 Sept. 1475;"New York NY, The Morgan Library and Museum — PML 30272; ChL 1233";"15th-century blind-stamped calf over wooden boards (42 x 30 cm), sewn on 4 supports by the Dominican bindery in Würzburg (EBDB w002695, active ca. 1473-1485, also known as Würzburg Dominikaner). Renewed plain paper pastedowns; braided and colored leather endbands. Brass corner pieces; corner and central bosses, missing' 2 clasps, 1 clasp missing. A few sporadic contemporary marginal notations, mainly at beginning and end";https://data.cerl.org/mei/02159526;;;;;02159526-p001-loc01;Keine verwertbare Ortsangabe
ORT-5a93d9d2c4;Provenienzstation;(ohne Ortsangabe);;;2;2;Dat testament eynes waren Cristen mynschen [Low German];[Lübeck : Matthaeus Brandis, about 1488-89];Hannover, Museum August Kestner — Ernst Nr. 336;Anonymous | e-gx;https://data.cerl.org/mei/02128965;https://data.cerl.org/mei/02128960;;;;02128965-p001-loc01 | 02128960-p002-loc01;Keine verwertbare Ortsangabe
ORT-133f59b502;Provenienzstation;(ohne Ortsangabe);;;1;1;Dat testament eynes waren Cristen mynschen [Low German];[Lübeck : Matthaeus Brandis, about 1488-89];Hannover, Museum August Kestner — Ernst Nr. 336;Anonymous, Germany | e-gx;https://data.cerl.org/mei/02128965;;;;;02128965-p002-loc01;Keine verwertbare Ortsangabe
ORT-71bb5bcac2;Provenienzstation;Anonymous;;;1;1;Van de seven droefheden ofte weeden O.L.V;Antwerp : Gerard Leeu, 14 July 1492;Den Haag, Koninklijke Bibliotheek - Nationale Bibliotheek van Nederland — KW 150 F 21;Anonymous, Netherlands  | e-ne;https://data.cerl.org/mei/02100719;;;;;02100719-p002-loc01;Keine verwertbare Ortsangabe
ORT-62607a8058;Provenienzstation;Anonymous annotator, Italy 1497 - ;;;1;1;Carmina in laudem variorum Sanctorum;[Milan : Uldericus Scinzenzeler, about 1497];Roma, Biblioteca Angelica — Inc. 376/8;e-it;https://data.cerl.org/mei/02174233;;;;;02174233-p001-loc01;Keine verwertbare Ortsangabe
ORT-c719bc95af;Provenienzstation;ChL 945B;;;1;1;Imitatio Christi. Add: Johannes Gerson: De meditatione cordis;Venice : [Johannes Leoviler, de Hallis] for Franciscus de Madiis, 1486;"New York NY, The Morgan Library and Museum — PML 198698; ChL 945B";"Sister Clementie, contemporary inscription: ""Iste liber di soror cleme[n]tie"" (leaf [1]/2v). Hand decoration: Contemporary rubrication, red initials, paragraph marks, and underlining. Annotations: Minimal contemporary notations throughout: 2 early section headings (leaves a1r and a3r only) and a few nota marks. | e-it";https://data.cerl.org/mei/02159104;;;;;02159104-p001-loc01;Keine verwertbare Ortsangabe
ORT-dac195db60;Provenienzstation;e-fr;;;2;2;[Psalterium abbreviatum] Psalterium Sancti Hieronymi [Italian and Latin] Psalterio abreviato di sancto Hieronymo. Tr: Niccolò Malermi;[Florence : Societas Colubris, for] Piero Pacini, [about 1498];Cambridge MA, Harvard University, Houghton Library — Typ Inc 647.5;Essling, Victor Massena, Duc de Rivoli e Prince D' | Lortic Frères <Bookbinders> | Not located in the Galerie Fischer sale catalogue, May 1939, of Essling's library. || Essling, Victor Massena, Duc de Rivoli e Prince D' | Lortic Frères <Bookbinders> | Lot 184 in the Galerie Fischer sale catalogue, May 1939, of Essling's library.;https://data.cerl.org/mei/02128514;https://data.cerl.org/mei/02128516;;;;02128514-p001-loc01 | 02128516-p001-loc01;Nur Gebiet, kein Ortsmarker
ORT-26bf1199db;Provenienzstation;England;;;2;2;Resolutorium dubiorum circa celebrationem missarum occurrentium;Deventer : Richardus Pafraet, 1493;York, York Minster Library — Inc.1-27;"Barlow, W. | Sixteenth-century MS on sig. [a]1r: W. Barlo. || Huth, Henry, London Bibliophile | Bedford, Francis | Ex-libris in pelle incollato al risguardo anteriore: Elmo dorato sorregge libro aperto sul quale si legge il motto: ""Animus non res"" in caratteri capitali; intorno due cornici ovali concentriche contenenti la scritta: ""Ex musaeo Hutii"" in caratteri capitali. The book appears in the 1880 catalogue of the Huth Library, so it is conceivable that is was purchased by Henry and then it passed on to Alfred Henry Huth. | e-uk-en";https://data.cerl.org/mei/02147392;https://data.cerl.org/mei/02011780;;;;02147392-p002-loc01 | 02011780-p001-loc01;Nur Gebiet, kein Ortsmarker
ORT-468abc30a1;Provenienzstation;Europa;;;2;2;Passio secundum legem debet mori;[Paris : Georg Mittelhus, about 1494-99];Barcelona, CRAI Biblioteca de Fons Antic  — 07 Inc 728-4;es || Título en la hoja de guarda que precede el f. [a]1 | es;https://data.cerl.org/mei/02007497;https://data.cerl.org/mei/02007514;;;;02007497-p001-loc01 | 02007514-p001-loc01;Nur Gebiet, kein Ortsmarker
ORT-15beacf1a6;Provenienzstation;Feldkirch;;;2;2;Imitatio Christi. Add: Johannes Gerson: De meditatione cordis;[Ulm] : Johann Zainer, [14]87;Tübingen, Universitätsbibliothek — Gb 551 b;"Benediktiner Feldkirch | (Vorsatzbl.) Benediktinerkloster Weingarten, Priorat Feldkirch, darunter: In Hofen [Priorat Hofen] (Besitzvermerk 17. Jh.) und Tatzenkreuz (gestempelt). || Benediktiner Feldkirch | (Bl. 1a des ersten Druckes im Bd) Monasterij Weingartensis in Veldkirch [Benediktinerkloster Weingarten, Priorat Feldkirch]; daneben: In Hofen und Monasterij Hofensis [Priorat Hofen] - Besitzvermerk 17. Jh. und Tatzenkreuze (gestempelt und gemalt).";https://data.cerl.org/mei/02137215;https://data.cerl.org/mei/02136254;;;;02137215-p007-loc01 | 02136254-p004-loc01;Ortsidentifikation offen
ORT-787c2a3309;Provenienzstation;Germany?;;;1;1;Missale Vratislaviense (Breslau);Mainz : Peter Schoeffer, 28 Sept. 1499;Cambridge MA, Harvard University, Houghton Library — Typ Inc 133.5;"Paravicini | Žerovskẏ-Dietrichstein | The date ""1576"" is between two oval stamps, one of episcopal arms with motto ""Recte agens expecto Dominum"", the other of secular arms with motto ""De maiorum gloria virtute propria innixus glorior"". Arms with the same mottoes found on a 15th-century Latin manuscript are identified in the Bericht des Curatoriums für das Verwaltungsjahr 1902/Zpráva kuratoria za správní rok 1902 of the Kunstgewerbliches Museum der Handels- und Gewerbekammer in Prag/Umélecko-Průmyslové obchodní a živnostenské komory v Praze (p. 20 of the German text; p. 18 of the Czech text) as ""Paravicini und Žerovskẏ-Dietrichstein."" -- The secular arms are found in Rudolf Johann, Graf von Meraviglia-Crivelli, Der böhmische Adel, 1885 (Tafel 82), designated simply ""Žerovskẏ""; they also appear as a portion of the arms designated ""Dietrichstein Proskau, Fürste 1885+"" in the same plate. | e-gx";https://data.cerl.org/mei/02005116;;;;;02005116-p002-loc01;Nur Gebiet, kein Ortsmarker
ORT-2987b4033f;Provenienzstation;Graflingen;;;1;1;Poenitentionarius de confessione (i.e. Poeniteas cito). Add: Hieronymus de Vallibus: Jesuida seu de passione Christi. Venatius Honorius Clementianus Fortunatus: S. De Resurrectione Christi carmen;[Strassburg : Johann (Reinhard) Grüninger, about 1497];Solothurn, Zentralbibliothek  — ZBS Rar 67 (1 an);"Hottel, Johann | Handschriftliche Besitzvermerke auf Titelseite: "" ... blaubüren ...""; späterer hs. Vermerk: ""Ex libris Joan. Hottelii [?] pastoris in Graflingen [?]""";https://data.cerl.org/mei/02134213;;;;;02134213-p002-loc01;Ortsidentifikation offen
ORT-2fab5bb609;Provenienzstation;Hartwood;;;1;1;Peregrinatio in terram sanctam;[Speyer] : Peter Drach, 29 July 1490;Northampton MA, Smith College — Inc B-1190;Dimock, Imogen | Gift of Mrs. Dimock to Smith, 1968.  | n-us-ny;https://data.cerl.org/mei/02010968;;;;;02010968-p003-loc01;Ortsidentifikation offen
ORT-eaeff4c0e2;Provenienzstation;IJssel region;;;1;1;Psalterium [Dutch:] Die duytsche Souter;Delft : Hendrik Eckert, van Homberch, 1498;Deventer, Athenaeumbibliotheek  — 101 C 12 KL;Anonymous;https://data.cerl.org/mei/02151272;;;;;02151272-p001-loc01;Nur Gebiet, kein Ortsmarker
ORT-1ec09e7055;Provenienzstation;Inghilterra;;;1;1;Meditationes vitae Christi [Italian]. Le deuote meditatione sopra la passione del nostro signore (with text ending: scripto di me nele prophetie e psalmi);Florence : Antonio di Bartolommeo Miscomini, [about 1493];Venezia, Fondazione Cini — FOAN TES 812;"Mitchell, William | Thibaron - Joly | Incollato al contropiatto anteriore ex-libris stampato su ampio rettangolo di carta (mm 88x74): ""Arma Gulielmi Mitchell”: uno scudo sormontato da un cimiero con il motto: 'Spernit humum'. | e-uk-en";https://data.cerl.org/mei/02124805;;;;;02124805-p001-loc01;Nur Gebiet, kein Ortsmarker
ORT-9dbc4e5be9;Provenienzstation;Italia;;;2;2;(Mirabilia Romae vel potius) Historia et descriptio urbis Romae. Add: Indulgentiae;Rome : Stephan Plannck, 7 Nov. 1489;Roma, Biblioteca Nazionale Centrale Vittorio Emanuele II — 70.3.F.84;Anonimo | Sul recto della prima c. di testo e sul verso dell'ultima annotazioni a penna di tre mani differenti, ad una delle quali sono riconducibili le annotazioni presenti all'interno del volume | e-it || Anonimo | e-it;https://data.cerl.org/mei/02001231;https://data.cerl.org/mei/02019195;;;;02001231-p001-loc01 | 02019195-p001-loc01;Nur Gebiet, kein Ortsmarker
ORT-909d6259d2;Provenienzstation;Königsbrück;;;1;1;"Opuscula. Con: Liber gratiae; Laudes Virginis Mariae; De Sancto Johanne evangelista; De eruditione filiorum regalium; Consolatio pro morte amici";Basel : Johann Amerbach, 13 Dec. 1481;Tübingen, Universitätsbibliothek — Gb 513.2;Zisterzienserinnen Königsbrück | (vord. Vorsatzbl.) In regis[p]onte Comparatus per venerabilem dominam Elysabet de Stauffenberg abbatissa tunc temp. ibidem Anno domini M°. IIII°.LXXX (1480) [Zisterzienserinnenkloster Königsbrück im Heiligen Forst bei Hagenau].;https://data.cerl.org/mei/02137317;;;;;02137317-p002-loc01;Ortsidentifikation offen
ORT-84da0ca41a;Provenienzstation;Lombardy [?];;;1;1;Meditationes vitae Christi [Italian]. Le deuote meditatione sopra la passione del nostro signore (with text ending: ritorno al sanctissimo corpo nel sepulchro);[Venice : Nicolaus Jenson?, about 1478?];Cambridge, University Library — Inc.5.B.3.2[4321];Petrus Mantuanus OP | Questo libro e de sor Alexia donato da suo barba frate petro mantuano ord[in]is p[re]dicator[um] die .25. septembris. 1528, on recto of single leaf added at the end. | e-it;https://data.cerl.org/mei/02000017;;;;;02000017-p001-loc01;Nur Gebiet, kein Ortsmarker
ORT-8969cd3279;Provenienzstation;Monte Leone;;;1;1;Fioretti;Venice : [Christophorus de Pensis, de Mandello], 15 Dec. 1490;Milano, Archivio Storico Civico e Biblioteca Trivulziana — Triv. Inc. D 69;"Angelica Bisogni | A c. a1r annotazione ms.: ""Della Signora Marchesa Angilica Bisogni"" | e-it";https://data.cerl.org/mei/02006490;;;;;02006490-p001-loc01;Ortsidentifikation offen
ORT-159912c561;Provenienzstation;Netherlands;;;1;1;Peregrinatio in terram sanctam [Dutch] Die heylighe beuarden tot dat heylighe grafft in Jherusalem;Mainz : Erhard Reuwich, 24 May 1488;Cambridge MA, Harvard University, Houghton Library — Typ Inc 159;Slip in Dutch in an 18th-century hand tipped in following a1. | e-ne;https://data.cerl.org/mei/02005268;;;;;02005268-p003-loc01;Nur Gebiet, kein Ortsmarker
ORT-e250d979c5;Provenienzstation;Northern Italy;;;1;1;Meditationes vitae Christi [Italian]. Le deuote meditatione sopra la passione del nostro signore (with text ending: ritorno al sanctissimo corpo nel sepulchro);[Venice : Nicolaus Jenson?, about 1478?];Cambridge, University Library — Inc.5.B.3.2[4321];Alexia | .S.SDA | .S.SDA, on upper pastedown | e-it;https://data.cerl.org/mei/02000017;;;;;02000017-p002-loc01;Nur Gebiet, kein Ortsmarker
ORT-2fdd958a50;Provenienzstation;Okno;;;1;1;Gesta Christi;Memmingen : [Albrecht Kunne, about 1495];Wrocław, Ossolineum — XV.181 adl.;Cieński family - Okno  | Shelfmark in pen on the title page of the first book in the omnibus book: 1519 [also by the same hand a bibliographical inscription on the front endpaper]. | e-un;https://data.cerl.org/mei/02131097;;;;;02131097-p005-loc01;Ortsidentifikation offen
ORT-a409c6574f;Provenienzstation;Wiltshire;;;1;1;Negligentiae et defectus in missa contingentes;Erfurt : [Printer of Hundorn], 1494;Edinburgh, National Library of Scotland — Inc.87.;Bosanquet, Eustace F. | Pictorial bookplate of E. F. Bosanquet on front pastedown. | e-uk-en;https://data.cerl.org/mei/02124949;;;;;02124949-p002-loc01;Nur Gebiet, kein Ortsmarker
